dataset,sample_id,cutoff,revenue_ratio,time_ratio,accuracy,precision,recall,tpr,tnr,fpr,fnr,error_rate
test_m10n10_1e_3,sample_data_97_size_10.msgpack,0.1,0.9979661359883951,0.17387389435151496,0.71,0.6506024096385542,1.0,1.0,0.3695652173913043,0.6304347826086957,0.0,0.29
test_m10n10_1e_3,sample_data_74_size_10.msgpack,0.1,0.9939226783065759,0.15372244499944765,0.76,0.7228915662650602,0.9836065573770492,0.9836065573770492,0.41025641025641024,0.5897435897435898,0.01639344262295082,0.24
test_m10n10_1e_3,sample_data_17_size_10.msgpack,0.1,0.988211009985307,0.09275201220738517,0.74,0.6666666666666666,1.0,1.0,0.4583333333333333,0.5416666666666666,0.0,0.26
test_m10n10_1e_3,sample_data_64_size_10.msgpack,0.1,0.9891265314018239,0.1841370529202647,0.79,0.7341772151898734,1.0,1.0,0.5,0.5,0.0,0.21
test_m10n10_1e_3,sample_data_47_size_10.msgpack,0.1,0.9972725283852336,0.09482417221293625,0.74,0.6867469879518072,1.0,1.0,0.3953488372093023,0.6046511627906976,0.0,0.26
test_m10n10_1e_3,sample_data_95_size_10.msgpack,0.1,0.9893516817830901,0.07838717264214728,0.72,0.6455696202531646,1.0,1.0,0.42857142857142855,0.5714285714285714,0.0,0.28
test_m10n10_1e_3,sample_data_71_size_10.msgpack,0.1,0.9952095912868141,0.1033365173143229,0.75,0.6710526315789473,1.0,1.0,0.4897959183673469,0.5102040816326531,0.0,0.25
test_m10n10_1e_3,sample_data_18_size_10.msgpack,0.1,0.9882482681411412,0.16741964684266603,0.8,0.7435897435897436,1.0,1.0,0.5238095238095238,0.47619047619047616,0.0,0.2
test_m10n10_1e_3,sample_data_27_size_10.msgpack,0.1,0.9915869066429833,0.09607028640366058,0.82,0.7428571428571429,1.0,1.0,0.625,0.375,0.0,0.18
test_m10n10_1e_3,sample_data_84_size_10.msgpack,0.1,0.995417694291535,0.16693545443066612,0.79,0.7469879518072289,1.0,1.0,0.4473684210526316,0.5526315789473685,0.0,0.21
test_m20n10_1e_3,sample_data_97_size_10.msgpack,0.1,0.9893320307458867,0.6311786538093456,0.77,0.7070063694267515,1.0,1.0,0.48314606741573035,0.5168539325842697,0.0,0.23
test_m20n10_1e_3,sample_data_74_size_10.msgpack,0.1,0.999648852386586,0.3272970151358327,0.715,0.6586826347305389,1.0,1.0,0.36666666666666664,0.6333333333333333,0.0,0.285
test_m20n10_1e_3,sample_data_17_size_10.msgpack,0.1,0.9936370104701246,0.24951045449278705,0.68,0.6,1.0,1.0,0.38461538461538464,0.6153846153846154,0.0,0.32
test_m20n10_1e_3,sample_data_64_size_10.msgpack,0.1,0.9910247140020957,0.7822205338021755,0.68,0.6144578313253012,1.0,1.0,0.3469387755102041,0.6530612244897959,0.0,0.32
test_m20n10_1e_3,sample_data_47_size_10.msgpack,0.1,0.9890822485670118,0.8983641525297843,0.715,0.6647058823529411,1.0,1.0,0.3448275862068966,0.6551724137931034,0.0,0.285
test_m20n10_1e_3,sample_data_95_size_10.msgpack,0.1,0.9897369741683669,0.5294792704603949,0.71,0.6627906976744186,1.0,1.0,0.32558139534883723,0.6744186046511628,0.0,0.29
test_m20n10_1e_3,sample_data_71_size_10.msgpack,0.1,0.9928775460564754,0.6578298533964461,0.66,0.5878787878787879,1.0,1.0,0.33980582524271846,0.6601941747572816,0.0,0.34
test_m20n10_1e_3,sample_data_18_size_10.msgpack,0.1,0.9924542809800688,0.7616527748074484,0.785,0.7624309392265194,1.0,1.0,0.3064516129032258,0.6935483870967742,0.0,0.215
test_m20n10_1e_3,sample_data_27_size_10.msgpack,0.1,0.9932166074748519,0.9929454765101501,0.75,0.72,0.9921259842519685,0.9921259842519685,0.3287671232876712,0.6712328767123288,0.007874015748031496,0.25
test_m20n10_1e_3,sample_data_84_size_10.msgpack,0.1,0.9871020671281784,0.7494835439673139,0.675,0.6036585365853658,1.0,1.0,0.3564356435643564,0.6435643564356436,0.0,0.325
test_m30n10_1e_3,sample_data_97_size_10.msgpack,0.1,0.9883061242099626,1.5743538433492954,0.68,0.6,1.0,1.0,0.38461538461538464,0.6153846153846154,0.0,0.32
test_m30n10_1e_3,sample_data_74_size_10.msgpack,0.1,0.9937142832166412,0.80128799162348,0.65,0.5849802371541502,1.0,1.0,0.3092105263157895,0.6907894736842105,0.0,0.35
test_m30n10_1e_3,sample_data_17_size_10.msgpack,0.1,0.9983968571227284,0.7592454736000019,0.7,0.6218487394957983,1.0,1.0,0.40789473684210525,0.5921052631578947,0.0,0.3
test_m30n10_1e_3,sample_data_64_size_10.msgpack,0.1,0.9881410514821835,0.4969272138432423,0.7333333333333333,0.6862745098039216,1.0,1.0,0.36,0.64,0.0,0.26666666666666666
test_m30n10_1e_3,sample_data_47_size_10.msgpack,0.1,0.9945933848321042,1.0178179838991885,0.7033333333333334,0.6509803921568628,1.0,1.0,0.3358208955223881,0.664179104477612,0.0,0.2966666666666667
test_m30n10_1e_3,sample_data_95_size_10.msgpack,0.1,0.9923220535356647,0.5375015398293425,0.7266666666666667,0.6639344262295082,1.0,1.0,0.4057971014492754,0.5942028985507246,0.0,0.2733333333333333
test_m30n10_1e_3,sample_data_71_size_10.msgpack,0.1,0.9934538517627716,1.0706009683336501,0.7366666666666667,0.6788617886178862,1.0,1.0,0.40601503759398494,0.5939849624060151,0.0,0.2633333333333333
test_m30n10_1e_3,sample_data_18_size_10.msgpack,0.1,0.9947078855230698,0.8684683857633949,0.7433333333333333,0.7131474103585658,0.9728260869565217,0.9728260869565217,0.3793103448275862,0.6206896551724138,0.02717391304347826,0.25666666666666665
test_m30n10_1e_3,sample_data_27_size_10.msgpack,0.1,0.9944140847956902,0.14458951424185953,0.7333333333333333,0.6889763779527559,0.9943181818181818,0.9943181818181818,0.3629032258064516,0.6370967741935484,0.005681818181818182,0.26666666666666666
test_m30n10_1e_3,sample_data_84_size_10.msgpack,0.1,0.9902802941580099,0.8576241857201151,0.6933333333333334,0.6101694915254238,1.0,1.0,0.41025641025641024,0.5897435897435898,0.0,0.30666666666666664
test_m10n10_1e_3,sample_data_97_size_10.msgpack,0.2,0.9979661359883583,0.14527486369861747,0.76,0.6923076923076923,1.0,1.0,0.4782608695652174,0.5217391304347826,0.0,0.24
test_m10n10_1e_3,sample_data_74_size_10.msgpack,0.2,0.9939226783065757,0.14373875747982967,0.79,0.75,0.9836065573770492,0.9836065573770492,0.48717948717948717,0.5128205128205128,0.01639344262295082,0.21
test_m10n10_1e_3,sample_data_17_size_10.msgpack,0.2,0.986819848983181,0.06647895978364148,0.77,0.6986301369863014,0.9807692307692307,0.9807692307692307,0.5416666666666666,0.4583333333333333,0.019230769230769232,0.23
test_m10n10_1e_3,sample_data_64_size_10.msgpack,0.2,0.988977900346502,0.12341438460555539,0.84,0.7837837837837838,1.0,1.0,0.6190476190476191,0.38095238095238093,0.0,0.16
test_m10n10_1e_3,sample_data_47_size_10.msgpack,0.2,0.9972725283852333,0.0729370334815742,0.79,0.7307692307692307,1.0,1.0,0.5116279069767442,0.4883720930232558,0.0,0.21
test_m10n10_1e_3,sample_data_95_size_10.msgpack,0.2,0.989351681783087,0.0729061774019479,0.74,0.6623376623376623,1.0,1.0,0.46938775510204084,0.5306122448979592,0.0,0.26
test_m10n10_1e_3,sample_data_71_size_10.msgpack,0.2,0.9952095912868139,0.07681512756190488,0.8,0.7183098591549296,1.0,1.0,0.5918367346938775,0.40816326530612246,0.0,0.2
test_m10n10_1e_3,sample_data_18_size_10.msgpack,0.2,0.9882482681411267,0.10162786008780489,0.85,0.7945205479452054,1.0,1.0,0.6428571428571429,0.35714285714285715,0.0,0.15
test_m10n10_1e_3,sample_data_27_size_10.msgpack,0.2,0.9915869066429778,0.08324494346979619,0.83,0.7611940298507462,0.9807692307692307,0.9807692307692307,0.6666666666666666,0.3333333333333333,0.019230769230769232,0.17
test_m10n10_1e_3,sample_data_84_size_10.msgpack,0.2,0.9954176942915423,0.10360643116206217,0.85,0.8051948051948052,1.0,1.0,0.6052631578947368,0.39473684210526316,0.0,0.15
test_m20n10_1e_3,sample_data_97_size_10.msgpack,0.2,0.9894958564122148,0.4085728314304041,0.805,0.74,1.0,1.0,0.5617977528089888,0.43820224719101125,0.0,0.195
test_m20n10_1e_3,sample_data_74_size_10.msgpack,0.2,0.9994615862600273,0.2459011793031598,0.76,0.6962025316455697,1.0,1.0,0.4666666666666667,0.5333333333333333,0.0,0.24
test_m20n10_1e_3,sample_data_17_size_10.msgpack,0.2,0.992743548786624,0.23878974721927015,0.725,0.6375838926174496,0.9895833333333334,0.9895833333333334,0.4807692307692308,0.5192307692307693,0.010416666666666666,0.275
test_m20n10_1e_3,sample_data_64_size_10.msgpack,0.2,0.9924131397782556,0.737960414914176,0.71,0.6375,1.0,1.0,0.40816326530612246,0.5918367346938775,0.0,0.29
test_m20n10_1e_3,sample_data_47_size_10.msgpack,0.2,0.9890822485670008,0.8310074879085269,0.75,0.6932515337423313,1.0,1.0,0.42528735632183906,0.5747126436781609,0.0,0.25
test_m20n10_1e_3,sample_data_95_size_10.msgpack,0.2,0.9897369741683675,0.4157920833605918,0.765,0.7080745341614907,1.0,1.0,0.45348837209302323,0.5465116279069767,0.0,0.235
test_m20n10_1e_3,sample_data_71_size_10.msgpack,0.2,0.9928775460564752,0.641935235165782,0.705,0.6217948717948718,1.0,1.0,0.42718446601941745,0.5728155339805825,0.0,0.295
test_m20n10_1e_3,sample_data_18_size_10.msgpack,0.2,0.9922594718823518,0.577110390623797,0.81,0.7906976744186046,0.9855072463768116,0.9855072463768116,0.41935483870967744,0.5806451612903226,0.014492753623188406,0.19
test_m20n10_1e_3,sample_data_27_size_10.msgpack,0.2,0.9930206270079325,0.6717374984010184,0.805,0.7682926829268293,0.9921259842519685,0.9921259842519685,0.4794520547945205,0.5205479452054794,0.007874015748031496,0.195
test_m20n10_1e_3,sample_data_84_size_10.msgpack,0.2,0.9900232618799985,0.9413275042847935,0.73,0.6470588235294118,1.0,1.0,0.46534653465346537,0.5346534653465347,0.0,0.27
test_m30n10_1e_3,sample_data_97_size_10.msgpack,0.2,0.9877362113663491,0.9981206322699266,0.7133333333333334,0.6260869565217392,1.0,1.0,0.44871794871794873,0.5512820512820513,0.0,0.2866666666666667
test_m30n10_1e_3,sample_data_74_size_10.msgpack,0.2,0.9976645146754294,0.3935405545134137,0.7133333333333334,0.6324786324786325,1.0,1.0,0.4342105263157895,0.5657894736842105,0.0,0.2866666666666667
test_m30n10_1e_3,sample_data_17_size_10.msgpack,0.2,0.9983968571227282,0.508912771830773,0.7566666666666667,0.669683257918552,1.0,1.0,0.5197368421052632,0.48026315789473684,0.0,0.24333333333333335
test_m30n10_1e_3,sample_data_64_size_10.msgpack,0.2,0.9881025830790159,0.40346111495765663,0.7666666666666667,0.7178423236514523,0.9885714285714285,0.9885714285714285,0.456,0.544,0.011428571428571429,0.23333333333333334
test_m30n10_1e_3,sample_data_47_size_10.msgpack,0.2,0.9923652833784693,0.8557447311066952,0.7666666666666667,0.7033898305084746,1.0,1.0,0.47761194029850745,0.5223880597014925,0.0,0.23333333333333334
test_m30n10_1e_3,sample_data_95_size_10.msgpack,0.2,0.9922411093478521,0.5141150398019546,0.78,0.7105263157894737,1.0,1.0,0.5217391304347826,0.4782608695652174,0.0,0.22
test_m30n10_1e_3,sample_data_71_size_10.msgpack,0.2,0.9934538517627871,0.6901521268441725,0.7866666666666666,0.7229437229437229,1.0,1.0,0.518796992481203,0.48120300751879697,0.0,0.21333333333333335
test_m30n10_1e_3,sample_data_18_size_10.msgpack,0.2,0.9945674840780973,0.5313750424246001,0.8133333333333334,0.7782608695652173,0.9728260869565217,0.9728260869565217,0.5603448275862069,0.4396551724137931,0.02717391304347826,0.18666666666666668
test_m30n10_1e_3,sample_data_27_size_10.msgpack,0.2,0.993907145640377,0.12145428049234538,0.7633333333333333,0.7178423236514523,0.9829545454545454,0.9829545454545454,0.45161290322580644,0.5483870967741935,0.017045454545454544,0.23666666666666666
test_m30n10_1e_3,sample_data_84_size_10.msgpack,0.2,0.9902802175880723,0.5816891187693178,0.73,0.64,1.0,1.0,0.4807692307692308,0.5192307692307693,0.0,0.27
test_m10n10_1e_3,sample_data_97_size_10.msgpack,0.3,0.9989980328166109,0.12191422974959552,0.8,0.7297297297297297,1.0,1.0,0.5652173913043478,0.43478260869565216,0.0,0.2
test_m10n10_1e_3,sample_data_74_size_10.msgpack,0.3,0.9939226783065757,0.11771562188426805,0.81,0.7692307692307693,0.9836065573770492,0.9836065573770492,0.5384615384615384,0.46153846153846156,0.01639344262295082,0.19
test_m10n10_1e_3,sample_data_17_size_10.msgpack,0.3,0.9854595608712251,0.05028224818786918,0.79,0.7183098591549296,0.9807692307692307,0.9807692307692307,0.5833333333333334,0.4166666666666667,0.019230769230769232,0.21
test_m10n10_1e_3,sample_data_64_size_10.msgpack,0.3,0.986768067930643,0.09216379494621531,0.86,0.8055555555555556,1.0,1.0,0.6666666666666666,0.3333333333333333,0.0,0.14
test_m10n10_1e_3,sample_data_47_size_10.msgpack,0.3,0.9972725283852331,0.06828600590148726,0.81,0.75,1.0,1.0,0.5581395348837209,0.4418604651162791,0.0,0.19
test_m10n10_1e_3,sample_data_95_size_10.msgpack,0.3,0.9871410196534073,0.058714375564374005,0.75,0.6756756756756757,0.9803921568627451,0.9803921568627451,0.5102040816326531,0.4897959183673469,0.0196078431372549,0.25
test_m10n10_1e_3,sample_data_71_size_10.msgpack,0.3,0.9952095912868139,0.05732701408037688,0.82,0.746268656716418,0.9803921568627451,0.9803921568627451,0.6530612244897959,0.3469387755102041,0.0196078431372549,0.18
test_m10n10_1e_3,sample_data_18_size_10.msgpack,0.3,0.9882482681410774,0.09147639041785954,0.84,0.7916666666666666,0.9827586206896551,0.9827586206896551,0.6428571428571429,0.35714285714285715,0.017241379310344827,0.16
test_m10n10_1e_3,sample_data_27_size_10.msgpack,0.3,0.9915869066429728,0.06678254800162609,0.86,0.796875,0.9807692307692307,0.9807692307692307,0.7291666666666666,0.2708333333333333,0.019230769230769232,0.14
test_m10n10_1e_3,sample_data_84_size_10.msgpack,0.3,0.9954176942915555,0.09211753874269415,0.87,0.8356164383561644,0.9838709677419355,0.9838709677419355,0.6842105263157895,0.3157894736842105,0.016129032258064516,0.13
test_m20n10_1e_3,sample_data_97_size_10.msgpack,0.3,0.9905307895632905,0.317983205437128,0.825,0.7602739726027398,1.0,1.0,0.6067415730337079,0.39325842696629215,0.0,0.175
test_m20n10_1e_3,sample_data_74_size_10.msgpack,0.3,0.9994615862600273,0.1874992825812501,0.79,0.7236842105263158,1.0,1.0,0.5333333333333333,0.4666666666666667,0.0,0.21
test_m20n10_1e_3,sample_data_17_size_10.msgpack,0.3,0.990639075820455,0.11706613756375274,0.775,0.6861313868613139,0.9791666666666666,0.9791666666666666,0.5865384615384616,0.41346153846153844,0.020833333333333332,0.225
test_m20n10_1e_3,sample_data_64_size_10.msgpack,0.3,0.9917085741303276,0.4512892402669618,0.74,0.6623376623376623,1.0,1.0,0.46938775510204084,0.5306122448979592,0.0,0.26
test_m20n10_1e_3,sample_data_47_size_10.msgpack,0.3,0.9863462433041408,0.5570433217517099,0.785,0.7243589743589743,1.0,1.0,0.5057471264367817,0.4942528735632184,0.0,0.215
test_m20n10_1e_3,sample_data_95_size_10.msgpack,0.3,0.9897369741683705,0.29570458060037313,0.805,0.7450980392156863,1.0,1.0,0.5465116279069767,0.45348837209302323,0.0,0.195
test_m20n10_1e_3,sample_data_71_size_10.msgpack,0.3,0.9928775460564759,0.6347063281445199,0.73,0.6423841059602649,1.0,1.0,0.47572815533980584,0.5242718446601942,0.0,0.27
test_m20n10_1e_3,sample_data_18_size_10.msgpack,0.3,0.9928252125872966,0.48717314922929383,0.84,0.8271604938271605,0.9710144927536232,0.9710144927536232,0.5483870967741935,0.45161290322580644,0.028985507246376812,0.16
test_m20n10_1e_3,sample_data_27_size_10.msgpack,0.3,0.9930206270079348,0.6143073721336747,0.825,0.7911392405063291,0.984251968503937,0.984251968503937,0.547945205479452,0.4520547945205479,0.015748031496062992,0.175
test_m20n10_1e_3,sample_data_84_size_10.msgpack,0.3,0.9936123519071179,0.7626263885266373,0.78,0.6923076923076923,1.0,1.0,0.5643564356435643,0.43564356435643564,0.0,0.22
test_m30n10_1e_3,sample_data_97_size_10.msgpack,0.3,0.9877362113663426,0.9234005129873286,0.75,0.6575342465753424,1.0,1.0,0.5192307692307693,0.4807692307692308,0.0,0.25
test_m30n10_1e_3,sample_data_74_size_10.msgpack,0.3,0.9927566408167502,0.4500236218040695,0.7433333333333333,0.6577777777777778,1.0,1.0,0.4934210526315789,0.506578947368421,0.0,0.25666666666666665
test_m30n10_1e_3,sample_data_17_size_10.msgpack,0.3,0.9983968571227313,0.4624637457733472,0.79,0.7014218009478673,1.0,1.0,0.5855263157894737,0.4144736842105263,0.0,0.21
test_m30n10_1e_3,sample_data_64_size_10.msgpack,0.3,0.9881410514821678,0.3986493824668405,0.8066666666666666,0.76,0.9771428571428571,0.9771428571428571,0.568,0.432,0.022857142857142857,0.19333333333333333
test_m30n10_1e_3,sample_data_47_size_10.msgpack,0.3,0.9945933848321048,0.6859112048667645,0.8,0.7366071428571429,0.9939759036144579,0.9939759036144579,0.5597014925373134,0.44029850746268656,0.006024096385542169,0.2
test_m30n10_1e_3,sample_data_95_size_10.msgpack,0.3,0.9920566613246983,0.4572637356914168,0.81,0.7397260273972602,1.0,1.0,0.5869565217391305,0.41304347826086957,0.0,0.19
test_m30n10_1e_3,sample_data_71_size_10.msgpack,0.3,0.994241913918255,0.7291228529656134,0.7966666666666666,0.7324561403508771,1.0,1.0,0.5413533834586466,0.45864661654135336,0.0,0.20333333333333334
test_m30n10_1e_3,sample_data_18_size_10.msgpack,0.3,0.9947014574872607,0.5176713965627622,0.8333333333333334,0.8018018018018018,0.967391304347826,0.967391304347826,0.6206896551724138,0.3793103448275862,0.03260869565217391,0.16666666666666666
test_m30n10_1e_3,sample_data_27_size_10.msgpack,0.3,0.9939201571093984,0.12187749566476996,0.78,0.7350427350427351,0.9772727272727273,0.9772727272727273,0.5,0.5,0.022727272727272728,0.22
test_m30n10_1e_3,sample_data_84_size_10.msgpack,0.3,0.9913193403865307,0.43682799320540616,0.78,0.6875,0.9930555555555556,0.9930555555555556,0.5833333333333334,0.4166666666666667,0.006944444444444444,0.22
test_m10n10_1e_3,sample_data_97_size_10.msgpack,0.4,0.9989980328166164,0.12318845351157841,0.81,0.7397260273972602,1.0,1.0,0.5869565217391305,0.41304347826086957,0.0,0.19
test_m10n10_1e_3,sample_data_74_size_10.msgpack,0.4,0.9924598298618053,0.11804297189365659,0.83,0.7972972972972973,0.9672131147540983,0.9672131147540983,0.6153846153846154,0.38461538461538464,0.03278688524590164,0.17
test_m10n10_1e_3,sample_data_17_size_10.msgpack,0.4,0.9854595608712253,0.04580387646381485,0.78,0.7142857142857143,0.9615384615384616,0.9615384615384616,0.5833333333333334,0.4166666666666667,0.038461538461538464,0.22
test_m10n10_1e_3,sample_data_64_size_10.msgpack,0.4,0.9890515155602538,0.08314433539294652,0.89,0.8405797101449275,1.0,1.0,0.7380952380952381,0.2619047619047619,0.0,0.11
test_m10n10_1e_3,sample_data_47_size_10.msgpack,0.4,0.997272528385233,0.05633929440150357,0.84,0.7808219178082192,1.0,1.0,0.627906976744186,0.37209302325581395,0.0,0.16
test_m10n10_1e_3,sample_data_95_size_10.msgpack,0.4,0.9871410196533826,0.04011823672089523,0.79,0.7205882352941176,0.9607843137254902,0.9607843137254902,0.6122448979591837,0.3877551020408163,0.0392156862745098,0.21
test_m10n10_1e_3,sample_data_71_size_10.msgpack,0.4,0.9952095912868139,0.04926805314226389,0.83,0.765625,0.9607843137254902,0.9607843137254902,0.6938775510204082,0.30612244897959184,0.0392156862745098,0.17
test_m10n10_1e_3,sample_data_18_size_10.msgpack,0.4,0.9882482681410808,0.07875493075324683,0.86,0.8235294117647058,0.9655172413793104,0.9655172413793104,0.7142857142857143,0.2857142857142857,0.034482758620689655,0.14
test_m10n10_1e_3,sample_data_27_size_10.msgpack,0.4,0.9871612164971955,0.06831391452193042,0.9,0.85,0.9807692307692307,0.9807692307692307,0.8125,0.1875,0.019230769230769232,0.1
test_m10n10_1e_3,sample_data_84_size_10.msgpack,0.4,0.9980341573778014,0.06605739176044541,0.92,0.8970588235294118,0.9838709677419355,0.9838709677419355,0.8157894736842105,0.18421052631578946,0.016129032258064516,0.08
test_m20n10_1e_3,sample_data_97_size_10.msgpack,0.4,0.9865398497108794,0.37941222242250405,0.855,0.8014705882352942,0.9819819819819819,0.9819819819819819,0.6966292134831461,0.30337078651685395,0.018018018018018018,0.145
test_m20n10_1e_3,sample_data_74_size_10.msgpack,0.4,0.9975621593478207,0.1903013501496805,0.82,0.7534246575342466,1.0,1.0,0.6,0.4,0.0,0.18
test_m20n10_1e_3,sample_data_17_size_10.msgpack,0.4,0.9906390758204302,0.10836304775896648,0.81,0.7230769230769231,0.9791666666666666,0.9791666666666666,0.6538461538461539,0.34615384615384615,0.020833333333333332,0.19
test_m20n10_1e_3,sample_data_64_size_10.msgpack,0.4,0.992413139777376,0.43883246156862066,0.78,0.7013888888888888,0.9901960784313726,0.9901960784313726,0.5612244897959183,0.4387755102040816,0.00980392156862745,0.22
test_m20n10_1e_3,sample_data_47_size_10.msgpack,0.4,0.9863462433041886,0.5825037440692308,0.805,0.743421052631579,1.0,1.0,0.5517241379310345,0.4482758620689655,0.0,0.195
test_m20n10_1e_3,sample_data_95_size_10.msgpack,0.4,0.9897369741683677,0.2819462585237197,0.815,0.7549668874172185,1.0,1.0,0.5697674418604651,0.43023255813953487,0.0,0.185
test_m20n10_1e_3,sample_data_71_size_10.msgpack,0.4,0.9918480656273279,0.3046461317676498,0.785,0.6928571428571428,1.0,1.0,0.5825242718446602,0.4174757281553398,0.0,0.215
test_m20n10_1e_3,sample_data_18_size_10.msgpack,0.4,0.9914263810121762,0.46642332373238216,0.86,0.8525641025641025,0.9637681159420289,0.9637681159420289,0.6290322580645161,0.3709677419354839,0.036231884057971016,0.14
test_m20n10_1e_3,sample_data_27_size_10.msgpack,0.4,0.9925079904285606,0.5575895694571806,0.85,0.8169934640522876,0.984251968503937,0.984251968503937,0.6164383561643836,0.3835616438356164,0.015748031496062992,0.15
test_m20n10_1e_3,sample_data_84_size_10.msgpack,0.4,0.9936123519078848,0.5633538703549494,0.8,0.7185185185185186,0.9797979797979798,0.9797979797979798,0.6237623762376238,0.37623762376237624,0.020202020202020204,0.2
test_m30n10_1e_3,sample_data_97_size_10.msgpack,0.4,0.988808028118998,0.8325064272075285,0.7666666666666667,0.6745283018867925,0.9930555555555556,0.9930555555555556,0.5576923076923077,0.4423076923076923,0.006944444444444444,0.23333333333333334
test_m30n10_1e_3,sample_data_74_size_10.msgpack,0.4,0.9977233624722064,0.2686969382144943,0.76,0.6743119266055045,0.9932432432432432,0.9932432432432432,0.5328947368421053,0.46710526315789475,0.006756756756756757,0.24
test_m30n10_1e_3,sample_data_17_size_10.msgpack,0.4,0.9983968571227281,0.33749663334749525,0.8133333333333334,0.7254901960784313,1.0,1.0,0.631578947368421,0.3684210526315789,0.0,0.18666666666666668
test_m30n10_1e_3,sample_data_64_size_10.msgpack,0.4,0.9881025830790193,0.4001162757785378,0.8166666666666667,0.7752293577981652,0.9657142857142857,0.9657142857142857,0.608,0.392,0.03428571428571429,0.18333333333333332
test_m30n10_1e_3,sample_data_47_size_10.msgpack,0.4,0.9945933848321042,0.5943915854422782,0.8066666666666666,0.7477064220183486,0.9819277108433735,0.9819277108433735,0.5895522388059702,0.41044776119402987,0.018072289156626505,0.19333333333333333
test_m30n10_1e_3,sample_data_95_size_10.msgpack,0.4,0.9920401222666508,0.4277110757495604,0.8333333333333334,0.7641509433962265,1.0,1.0,0.6376811594202898,0.36231884057971014,0.0,0.16666666666666666
test_m30n10_1e_3,sample_data_71_size_10.msgpack,0.4,0.9934538517627621,0.5735144995396103,0.8266666666666667,0.7674418604651163,0.9880239520958084,0.9880239520958084,0.6240601503759399,0.37593984962406013,0.011976047904191617,0.17333333333333334
test_m30n10_1e_3,sample_data_18_size_10.msgpack,0.4,0.9945023110035665,0.4881124788253739,0.8433333333333334,0.8186046511627907,0.9565217391304348,0.9565217391304348,0.6637931034482759,0.33620689655172414,0.043478260869565216,0.15666666666666668
test_m30n10_1e_3,sample_data_27_size_10.msgpack,0.4,0.9939071456403776,0.10196803181695256,0.8133333333333334,0.7702702702702703,0.9715909090909091,0.9715909090909091,0.5887096774193549,0.4112903225806452,0.028409090909090908,0.18666666666666668
test_m30n10_1e_3,sample_data_84_size_10.msgpack,0.4,0.9902802175880412,0.38136332092797015,0.8,0.7079207920792079,0.9930555555555556,0.9930555555555556,0.6217948717948718,0.3782051282051282,0.006944444444444444,0.2
test_m10n10_1e_3,sample_data_97_size_10.msgpack,0.5,0.9951642454509454,0.09331519909669804,0.85,0.782608695652174,1.0,1.0,0.6739130434782609,0.32608695652173914,0.0,0.15
test_m10n10_1e_3,sample_data_74_size_10.msgpack,0.5,0.9924598298618053,0.1119872893800081,0.85,0.8194444444444444,0.9672131147540983,0.9672131147540983,0.6666666666666666,0.3333333333333333,0.03278688524590164,0.15
test_m10n10_1e_3,sample_data_17_size_10.msgpack,0.5,0.9772235611106812,0.04692345604828095,0.79,0.7384615384615385,0.9230769230769231,0.9230769230769231,0.6458333333333334,0.3541666666666667,0.07692307692307693,0.21
test_m10n10_1e_3,sample_data_64_size_10.msgpack,0.5,0.9837900647720981,0.06256469060751892,0.87,0.8461538461538461,0.9482758620689655,0.9482758620689655,0.7619047619047619,0.23809523809523808,0.05172413793103448,0.13
test_m10n10_1e_3,sample_data_47_size_10.msgpack,0.5,0.997272528385233,0.05852800175176439,0.84,0.7887323943661971,0.9824561403508771,0.9824561403508771,0.6511627906976745,0.3488372093023256,0.017543859649122806,0.16
test_m10n10_1e_3,sample_data_95_size_10.msgpack,0.5,0.9893516817830469,0.03825861583601699,0.81,0.7424242424242424,0.9607843137254902,0.9607843137254902,0.6530612244897959,0.3469387755102041,0.0392156862745098,0.19
test_m10n10_1e_3,sample_data_71_size_10.msgpack,0.5,0.9952095912868141,0.04677709967404184,0.85,0.7903225806451613,0.9607843137254902,0.9607843137254902,0.7346938775510204,0.2653061224489796,0.0392156862745098,0.15
test_m10n10_1e_3,sample_data_18_size_10.msgpack,0.5,0.9882482681410808,0.08286692699939358,0.86,0.8235294117647058,0.9655172413793104,0.9655172413793104,0.7142857142857143,0.2857142857142857,0.034482758620689655,0.14
test_m10n10_1e_3,sample_data_27_size_10.msgpack,0.5,0.9846046260786857,0.05567998099338749,0.9,0.875,0.9423076923076923,0.9423076923076923,0.8541666666666666,0.14583333333333334,0.057692307692307696,0.1
test_m10n10_1e_3,sample_data_84_size_10.msgpack,0.5,0.9976209192662763,0.06241456976861293,0.91,0.9076923076923077,0.9516129032258065,0.9516129032258065,0.8421052631578947,0.15789473684210525,0.04838709677419355,0.09
test_m20n10_1e_3,sample_data_97_size_10.msgpack,0.5,0.9908541147503306,0.372799847292214,0.87,0.8195488721804511,0.9819819819819819,0.9819819819819819,0.7303370786516854,0.2696629213483146,0.018018018018018018,0.13
test_m20n10_1e_3,sample_data_74_size_10.msgpack,0.5,0.9994615862600271,0.11627579904757751,0.84,0.7785714285714286,0.990909090909091,0.990909090909091,0.6555555555555556,0.34444444444444444,0.00909090909090909,0.16
test_m20n10_1e_3,sample_data_17_size_10.msgpack,0.5,0.9906390758201268,0.09661643253791914,0.83,0.746031746031746,0.9791666666666666,0.9791666666666666,0.6923076923076923,0.3076923076923077,0.020833333333333332,0.17
test_m20n10_1e_3,sample_data_64_size_10.msgpack,0.5,0.9934525009996986,0.3592413868129149,0.81,0.7318840579710145,0.9901960784313726,0.9901960784313726,0.6224489795918368,0.37755102040816324,0.00980392156862745,0.19
test_m20n10_1e_3,sample_data_47_size_10.msgpack,0.5,0.9836875143703461,0.4523783234905021,0.83,0.7762237762237763,0.9823008849557522,0.9823008849557522,0.632183908045977,0.367816091954023,0.017699115044247787,0.17
test_m20n10_1e_3,sample_data_95_size_10.msgpack,0.5,0.9897369741683673,0.24041434761146496,0.835,0.7755102040816326,1.0,1.0,0.6162790697674418,0.38372093023255816,0.0,0.165
test_m20n10_1e_3,sample_data_71_size_10.msgpack,0.5,0.9906421134686523,0.3482440792330582,0.815,0.7307692307692307,0.979381443298969,0.979381443298969,0.6601941747572816,0.33980582524271846,0.020618556701030927,0.185
test_m20n10_1e_3,sample_data_18_size_10.msgpack,0.5,0.9915792818025311,0.4719864600817051,0.87,0.8636363636363636,0.9637681159420289,0.9637681159420289,0.6612903225806451,0.3387096774193548,0.036231884057971016,0.13
test_m20n10_1e_3,sample_data_27_size_10.msgpack,0.5,0.9924724379827334,0.5524253030305379,0.89,0.8620689655172413,0.984251968503937,0.984251968503937,0.726027397260274,0.273972602739726,0.015748031496062992,0.11
test_m20n10_1e_3,sample_data_84_size_10.msgpack,0.5,0.9933632858242878,0.4291202380272766,0.835,0.7578125,0.9797979797979798,0.9797979797979798,0.693069306930693,0.3069306930693069,0.020202020202020204,0.165
test_m30n10_1e_3,sample_data_97_size_10.msgpack,0.5,0.9877362113537411,0.5605450148275399,0.81,0.7185929648241206,0.9930555555555556,0.9930555555555556,0.6410256410256411,0.358974358974359,0.006944444444444444,0.19
test_m30n10_1e_3,sample_data_74_size_10.msgpack,0.5,0.9953039384931553,0.27578519588792205,0.7933333333333333,0.7067307692307693,0.9932432432432432,0.9932432432432432,0.5986842105263158,0.40131578947368424,0.006756756756756757,0.20666666666666667
test_m30n10_1e_3,sample_data_17_size_10.msgpack,0.5,0.9983968571227284,0.3422697439228633,0.85,0.7668393782383419,1.0,1.0,0.7039473684210527,0.29605263157894735,0.0,0.15
test_m30n10_1e_3,sample_data_64_size_10.msgpack,0.5,0.9892285495606024,0.33274798454643917,0.8266666666666667,0.7887323943661971,0.96,0.96,0.64,0.36,0.04,0.17333333333333334
test_m30n10_1e_3,sample_data_47_size_10.msgpack,0.5,0.993747867361585,0.31705074655095705,0.8333333333333334,0.7815533980582524,0.9698795180722891,0.9698795180722891,0.664179104477612,0.3358208955223881,0.030120481927710843,0.16666666666666666
test_m30n10_1e_3,sample_data_95_size_10.msgpack,0.5,0.9920401222666512,0.291900105072582,0.85,0.7853658536585366,0.9938271604938271,0.9938271604938271,0.6811594202898551,0.3188405797101449,0.006172839506172839,0.15
test_m30n10_1e_3,sample_data_71_size_10.msgpack,0.5,0.993453851762763,0.4702687731155189,0.8633333333333333,0.8088235294117647,0.9880239520958084,0.9880239520958084,0.706766917293233,0.2932330827067669,0.011976047904191617,0.13666666666666666
test_m30n10_1e_3,sample_data_18_size_10.msgpack,0.5,0.9943683375944288,0.4544061123930273,0.8633333333333333,0.8421052631578947,0.9565217391304348,0.9565217391304348,0.7155172413793104,0.28448275862068967,0.043478260869565216,0.13666666666666666
test_m30n10_1e_3,sample_data_27_size_10.msgpack,0.5,0.993018677694534,0.09445178856032457,0.8333333333333334,0.794392523364486,0.9659090909090909,0.9659090909090909,0.6451612903225806,0.3548387096774194,0.03409090909090909,0.16666666666666666
test_m30n10_1e_3,sample_data_84_size_10.msgpack,0.5,0.990280217588043,0.37591546797430897,0.81,0.7208121827411168,0.9861111111111112,0.9861111111111112,0.6474358974358975,0.3525641025641026,0.013888888888888888,0.19
test_m10n10_1e_3,sample_data_97_size_10.msgpack,0.6,0.995164245450918,0.08184725274918422,0.88,0.8181818181818182,1.0,1.0,0.7391304347826086,0.2608695652173913,0.0,0.12
test_m10n10_1e_3,sample_data_74_size_10.msgpack,0.6,0.9924598298618051,0.09414755282711257,0.87,0.8428571428571429,0.9672131147540983,0.9672131147540983,0.717948717948718,0.28205128205128205,0.03278688524590164,0.13
test_m10n10_1e_3,sample_data_17_size_10.msgpack,0.6,0.9816065547355572,0.02796509464270941,0.83,0.7868852459016393,0.9230769230769231,0.9230769230769231,0.7291666666666666,0.2708333333333333,0.07692307692307693,0.17
test_m10n10_1e_3,sample_data_64_size_10.msgpack,0.6,0.9790295129983858,0.04325536323031912,0.9,0.9,0.9310344827586207,0.9310344827586207,0.8571428571428571,0.14285714285714285,0.06896551724137931,0.1
test_m10n10_1e_3,sample_data_47_size_10.msgpack,0.6,0.9972725283852331,0.05643048419941337,0.85,0.8,0.9824561403508771,0.9824561403508771,0.6744186046511628,0.32558139534883723,0.017543859649122806,0.15
test_m10n10_1e_3,sample_data_95_size_10.msgpack,0.6,0.9893516817830469,0.039237359985673764,0.81,0.7424242424242424,0.9607843137254902,0.9607843137254902,0.6530612244897959,0.3469387755102041,0.0392156862745098,0.19
test_m10n10_1e_3,sample_data_71_size_10.msgpack,0.6,0.9952095912868139,0.0426743260703861,0.86,0.8032786885245902,0.9607843137254902,0.9607843137254902,0.7551020408163265,0.24489795918367346,0.0392156862745098,0.14
test_m10n10_1e_3,sample_data_18_size_10.msgpack,0.6,0.9862216688032963,0.06076497015387783,0.9,0.875,0.9655172413793104,0.9655172413793104,0.8095238095238095,0.19047619047619047,0.034482758620689655,0.1
test_m10n10_1e_3,sample_data_27_size_10.msgpack,0.6,0.9846046260786857,0.04783160206994536,0.91,0.8909090909090909,0.9423076923076923,0.9423076923076923,0.875,0.125,0.057692307692307696,0.09
test_m10n10_1e_3,sample_data_84_size_10.msgpack,0.6,0.9976209192662719,0.049804824461503784,0.91,0.9206349206349206,0.9354838709677419,0.9354838709677419,0.868421052631579,0.13157894736842105,0.06451612903225806,0.09
test_m20n10_1e_3,sample_data_97_size_10.msgpack,0.6,0.9913638284269005,0.35233452025147555,0.9,0.8582677165354331,0.9819819819819819,0.9819819819819819,0.797752808988764,0.20224719101123595,0.018018018018018018,0.1
test_m20n10_1e_3,sample_data_74_size_10.msgpack,0.6,0.9994615862600288,0.09382529244974612,0.865,0.8120300751879699,0.9818181818181818,0.9818181818181818,0.7222222222222222,0.2777777777777778,0.01818181818181818,0.135
test_m20n10_1e_3,sample_data_17_size_10.msgpack,0.6,0.9906390758203547,0.08047552947729043,0.86,0.7833333333333333,0.9791666666666666,0.9791666666666666,0.75,0.25,0.020833333333333332,0.14
test_m20n10_1e_3,sample_data_64_size_10.msgpack,0.6,0.9924131397768521,0.3215954651883304,0.835,0.7593984962406015,0.9901960784313726,0.9901960784313726,0.673469387755102,0.32653061224489793,0.00980392156862745,0.165
test_m20n10_1e_3,sample_data_47_size_10.msgpack,0.6,0.9846464450837469,0.20679875072767898,0.85,0.8120300751879699,0.9557522123893806,0.9557522123893806,0.7126436781609196,0.28735632183908044,0.04424778761061947,0.15
test_m20n10_1e_3,sample_data_95_size_10.msgpack,0.6,0.989123923510589,0.2367002976320848,0.855,0.8057553956834532,0.9824561403508771,0.9824561403508771,0.686046511627907,0.313953488372093,0.017543859649122806,0.145
test_m20n10_1e_3,sample_data_71_size_10.msgpack,0.6,0.9853090273925457,0.17681571272884353,0.83,0.752,0.9690721649484536,0.9690721649484536,0.6990291262135923,0.30097087378640774,0.030927835051546393,0.17
test_m20n10_1e_3,sample_data_18_size_10.msgpack,0.6,0.9912754332809065,0.4718265964247012,0.875,0.8843537414965986,0.9420289855072463,0.9420289855072463,0.7258064516129032,0.27419354838709675,0.057971014492753624,0.125
test_m20n10_1e_3,sample_data_27_size_10.msgpack,0.6,0.9920742591567037,0.49873482785094453,0.885,0.8661971830985915,0.968503937007874,0.968503937007874,0.7397260273972602,0.2602739726027397,0.031496062992125984,0.115
test_m20n10_1e_3,sample_data_84_size_10.msgpack,0.6,0.99282839032582,0.31810737453468907,0.86,0.7886178861788617,0.9797979797979798,0.9797979797979798,0.7425742574257426,0.25742574257425743,0.020202020202020204,0.14
test_m30n10_1e_3,sample_data_97_size_10.msgpack,0.6,0.9888080281189988,0.54747218563529,0.8366666666666667,0.7486910994764397,0.9930555555555556,0.9930555555555556,0.6923076923076923,0.3076923076923077,0.006944444444444444,0.16333333333333333
test_m30n10_1e_3,sample_data_74_size_10.msgpack,0.6,0.9934285668122668,0.35632055924956496,0.8233333333333334,0.7386934673366834,0.9932432432432432,0.9932432432432432,0.6578947368421053,0.34210526315789475,0.006756756756756757,0.17666666666666667
test_m30n10_1e_3,sample_data_17_size_10.msgpack,0.6,0.9981310653935725,0.19553344028794634,0.8766666666666667,0.8032786885245902,0.9932432432432432,0.9932432432432432,0.7631578947368421,0.23684210526315788,0.006756756756756757,0.12333333333333334
test_m30n10_1e_3,sample_data_64_size_10.msgpack,0.6,0.9881455051315403,0.2621476916018705,0.8466666666666667,0.8177339901477833,0.9485714285714286,0.9485714285714286,0.704,0.296,0.05142857142857143,0.15333333333333332
test_m30n10_1e_3,sample_data_47_size_10.msgpack,0.6,0.9896925802883074,0.18936533088617352,0.86,0.8195876288659794,0.9578313253012049,0.9578313253012049,0.7388059701492538,0.26119402985074625,0.04216867469879518,0.14
test_m30n10_1e_3,sample_data_95_size_10.msgpack,0.6,0.9895880608945553,0.19301700614411915,0.87,0.8121827411167513,0.9876543209876543,0.9876543209876543,0.7318840579710145,0.26811594202898553,0.012345679012345678,0.13
test_m30n10_1e_3,sample_data_71_size_10.msgpack,0.6,0.9934538517627585,0.30750688778621393,0.8966666666666666,0.8505154639175257,0.9880239520958084,0.9880239520958084,0.7819548872180451,0.21804511278195488,0.011976047904191617,0.10333333333333333
test_m30n10_1e_3,sample_data_18_size_10.msgpack,0.6,0.9943683375944309,0.3595638311965485,0.8866666666666667,0.8712871287128713,0.9565217391304348,0.9565217391304348,0.7758620689655172,0.22413793103448276,0.043478260869565216,0.11333333333333333
test_m30n10_1e_3,sample_data_27_size_10.msgpack,0.6,0.986902549513499,0.06920714129282986,0.8533333333333334,0.8267326732673267,0.9488636363636364,0.9488636363636364,0.717741935483871,0.28225806451612906,0.05113636363636364,0.14666666666666667
test_m30n10_1e_3,sample_data_84_size_10.msgpack,0.6,0.991657118090157,0.17493861271610753,0.85,0.7675675675675676,0.9861111111111112,0.9861111111111112,0.7243589743589743,0.27564102564102566,0.013888888888888888,0.15
test_m10n10_1e_3,sample_data_97_size_10.msgpack,0.7,0.9951642454508957,0.0751930293618837,0.89,0.8412698412698413,0.9814814814814815,0.9814814814814815,0.782608695652174,0.21739130434782608,0.018518518518518517,0.11
test_m10n10_1e_3,sample_data_74_size_10.msgpack,0.7,0.9938512072205429,0.07990851029213657,0.88,0.855072463768116,0.9672131147540983,0.9672131147540983,0.7435897435897436,0.2564102564102564,0.03278688524590164,0.12
test_m10n10_1e_3,sample_data_17_size_10.msgpack,0.7,0.9816065547355572,0.023561374607577026,0.84,0.8103448275862069,0.9038461538461539,0.9038461538461539,0.7708333333333334,0.22916666666666666,0.09615384615384616,0.16
test_m10n10_1e_3,sample_data_64_size_10.msgpack,0.7,0.9766362927334867,0.027757109227715307,0.89,0.9433962264150944,0.8620689655172413,0.8620689655172413,0.9285714285714286,0.07142857142857142,0.13793103448275862,0.11
test_m10n10_1e_3,sample_data_47_size_10.msgpack,0.7,0.9972725283852331,0.049773128864885205,0.86,0.8115942028985508,0.9824561403508771,0.9824561403508771,0.6976744186046512,0.3023255813953488,0.017543859649122806,0.14
test_m10n10_1e_3,sample_data_95_size_10.msgpack,0.7,0.98935168178296,0.02837330692501389,0.86,0.8032786885245902,0.9607843137254902,0.9607843137254902,0.7551020408163265,0.24489795918367346,0.0392156862745098,0.14
test_m10n10_1e_3,sample_data_71_size_10.msgpack,0.7,0.9952095912868139,0.03461533019750923,0.89,0.8448275862068966,0.9607843137254902,0.9607843137254902,0.8163265306122449,0.1836734693877551,0.0392156862745098,0.11
test_m10n10_1e_3,sample_data_18_size_10.msgpack,0.7,0.9862216688032966,0.05433999516720939,0.92,0.9032258064516129,0.9655172413793104,0.9655172413793104,0.8571428571428571,0.14285714285714285,0.034482758620689655,0.08
test_m10n10_1e_3,sample_data_27_size_10.msgpack,0.7,0.9847142390215684,0.04687450940447173,0.9,0.9038461538461539,0.9038461538461539,0.9038461538461539,0.8958333333333334,0.10416666666666667,0.09615384615384616,0.1
test_m10n10_1e_3,sample_data_84_size_10.msgpack,0.7,0.9976209192662697,0.04938449627748856,0.92,0.9354838709677419,0.9354838709677419,0.9354838709677419,0.8947368421052632,0.10526315789473684,0.06451612903225806,0.08
test_m20n10_1e_3,sample_data_97_size_10.msgpack,0.7,0.9913638284271195,0.23162550425678127,0.915,0.8916666666666667,0.963963963963964,0.963963963963964,0.8539325842696629,0.14606741573033707,0.036036036036036036,0.085
test_m20n10_1e_3,sample_data_74_size_10.msgpack,0.7,0.9950263247267508,0.06740094015609027,0.885,0.8536585365853658,0.9545454545454546,0.9545454545454546,0.8,0.2,0.045454545454545456,0.115
test_m20n10_1e_3,sample_data_17_size_10.msgpack,0.7,0.9900464464241913,0.0413201617134511,0.87,0.8125,0.9479166666666666,0.9479166666666666,0.7980769230769231,0.20192307692307693,0.052083333333333336,0.13
test_m20n10_1e_3,sample_data_64_size_10.msgpack,0.7,0.9895353688885822,0.19113003485740618,0.855,0.7829457364341085,0.9901960784313726,0.9901960784313726,0.7142857142857143,0.2857142857142857,0.00980392156862745,0.145
test_m20n10_1e_3,sample_data_47_size_10.msgpack,0.7,0.9837428477299973,0.1610708310050039,0.855,0.823076923076923,0.9469026548672567,0.9469026548672567,0.735632183908046,0.26436781609195403,0.05309734513274336,0.145
test_m20n10_1e_3,sample_data_95_size_10.msgpack,0.7,0.9871354979015066,0.15714029528189613,0.855,0.8195488721804511,0.956140350877193,0.956140350877193,0.7209302325581395,0.27906976744186046,0.043859649122807015,0.145
test_m20n10_1e_3,sample_data_71_size_10.msgpack,0.7,0.9853090273925441,0.1719665173276275,0.85,0.7768595041322314,0.9690721649484536,0.9690721649484536,0.7378640776699029,0.2621359223300971,0.030927835051546393,0.15
test_m20n10_1e_3,sample_data_18_size_10.msgpack,0.7,0.9887445660612214,0.20294207687818286,0.9,0.9338235294117647,0.9202898550724637,0.9202898550724637,0.8548387096774194,0.14516129032258066,0.07971014492753623,0.1
test_m20n10_1e_3,sample_data_27_size_10.msgpack,0.7,0.9869435778992637,0.17298585318932744,0.89,0.9133858267716536,0.9133858267716536,0.9133858267716536,0.8493150684931506,0.1506849315068493,0.08661417322834646,0.11
test_m20n10_1e_3,sample_data_84_size_10.msgpack,0.7,0.9857913686515525,0.202575028387834,0.875,0.8245614035087719,0.9494949494949495,0.9494949494949495,0.801980198019802,0.19801980198019803,0.050505050505050504,0.125
test_m30n10_1e_3,sample_data_97_size_10.msgpack,0.7,0.9873846002635064,0.2765695150167216,0.8733333333333333,0.8011363636363636,0.9791666666666666,0.9791666666666666,0.7756410256410257,0.22435897435897437,0.020833333333333332,0.12666666666666668
test_m30n10_1e_3,sample_data_74_size_10.msgpack,0.7,0.9927566408167622,0.12765917172893745,0.8666666666666667,0.7903225806451613,0.9932432432432432,0.9932432432432432,0.743421052631579,0.2565789473684211,0.006756756756756757,0.13333333333333333
test_m30n10_1e_3,sample_data_17_size_10.msgpack,0.7,0.9959284398768482,0.20928969845337883,0.8866666666666667,0.8238636363636364,0.9797297297297297,0.9797297297297297,0.7960526315789473,0.20394736842105263,0.02027027027027027,0.11333333333333333
test_m30n10_1e_3,sample_data_64_size_10.msgpack,0.7,0.9877897030984616,0.16480278798606315,0.86,0.844559585492228,0.9314285714285714,0.9314285714285714,0.76,0.24,0.06857142857142857,0.14
test_m30n10_1e_3,sample_data_47_size_10.msgpack,0.7,0.9895698847890637,0.2347904642698033,0.88,0.8494623655913979,0.9518072289156626,0.9518072289156626,0.7910447761194029,0.208955223880597,0.04819277108433735,0.12
test_m30n10_1e_3,sample_data_95_size_10.msgpack,0.7,0.988970349311928,0.13879970448538687,0.89,0.8412698412698413,0.9814814814814815,0.9814814814814815,0.782608695652174,0.21739130434782608,0.018518518518518517,0.11
test_m30n10_1e_3,sample_data_71_size_10.msgpack,0.7,0.9930916863582494,0.22927563649563068,0.9266666666666666,0.8961748633879781,0.9820359281437125,0.9820359281437125,0.8571428571428571,0.14285714285714285,0.017964071856287425,0.07333333333333333
test_m30n10_1e_3,sample_data_18_size_10.msgpack,0.7,0.9885401089124277,0.23062937405769446,0.9133333333333333,0.9157894736842105,0.9456521739130435,0.9456521739130435,0.8620689655172413,0.13793103448275862,0.05434782608695652,0.08666666666666667
test_m30n10_1e_3,sample_data_27_size_10.msgpack,0.7,0.9852840739777184,0.0405184514125069,0.8666666666666667,0.8505154639175257,0.9375,0.9375,0.7661290322580645,0.23387096774193547,0.0625,0.13333333333333333
test_m30n10_1e_3,sample_data_84_size_10.msgpack,0.7,0.9901084695562814,0.15916952594975856,0.8733333333333333,0.8045977011494253,0.9722222222222222,0.9722222222222222,0.782051282051282,0.21794871794871795,0.027777777777777776,0.12666666666666668
test_m10n10_1e_3,sample_data_97_size_10.msgpack,0.8,0.9926205945333686,0.056362946285356846,0.91,0.8813559322033898,0.9629629629629629,0.9629629629629629,0.8478260869565217,0.15217391304347827,0.037037037037037035,0.09
test_m10n10_1e_3,sample_data_74_size_10.msgpack,0.8,0.9932511283574106,0.05961374622217349,0.88,0.8769230769230769,0.9344262295081968,0.9344262295081968,0.7948717948717948,0.20512820512820512,0.06557377049180328,0.12
test_m10n10_1e_3,sample_data_17_size_10.msgpack,0.8,0.9684481665631972,0.01915765457244464,0.87,0.8679245283018868,0.8846153846153846,0.8846153846153846,0.8541666666666666,0.14583333333333334,0.11538461538461539,0.13
test_m10n10_1e_3,sample_data_64_size_10.msgpack,0.8,0.973171384817237,0.021659422115839874,0.9,0.98,0.8448275862068966,0.8448275862068966,0.9761904761904762,0.023809523809523808,0.15517241379310345,0.1
test_m10n10_1e_3,sample_data_47_size_10.msgpack,0.8,0.9972725283852317,0.033722572058109274,0.89,0.859375,0.9649122807017544,0.9649122807017544,0.7906976744186046,0.20930232558139536,0.03508771929824561,0.11
test_m10n10_1e_3,sample_data_95_size_10.msgpack,0.8,0.9885187668230117,0.0224029279424355,0.84,0.8070175438596491,0.9019607843137255,0.9019607843137255,0.7755102040816326,0.22448979591836735,0.09803921568627451,0.16
test_m10n10_1e_3,sample_data_71_size_10.msgpack,0.8,0.9941547336313742,0.02640981792496162,0.92,0.9056603773584906,0.9411764705882353,0.9411764705882353,0.8979591836734694,0.10204081632653061,0.058823529411764705,0.08
test_m10n10_1e_3,sample_data_18_size_10.msgpack,0.8,0.9697291227871564,0.03275206082998501,0.92,0.9629629629629629,0.896551724137931,0.896551724137931,0.9523809523809523,0.047619047619047616,0.10344827586206896,0.08
test_m10n10_1e_3,sample_data_27_size_10.msgpack,0.8,0.9847142390215682,0.03672908070057308,0.89,0.9183673469387755,0.8653846153846154,0.8653846153846154,0.9166666666666666,0.08333333333333333,0.1346153846153846,0.11
test_m10n10_1e_3,sample_data_84_size_10.msgpack,0.8,0.9976209192662697,0.04700265883770175,0.92,0.9354838709677419,0.9354838709677419,0.9354838709677419,0.8947368421052632,0.10526315789473684,0.06451612903225806,0.08
test_m20n10_1e_3,sample_data_97_size_10.msgpack,0.8,0.9882061014001842,0.11835540634237686,0.92,0.9203539823008849,0.9369369369369369,0.9369369369369369,0.898876404494382,0.10112359550561797,0.06306306306306306,0.08
test_m20n10_1e_3,sample_data_74_size_10.msgpack,0.8,0.995026324726751,0.046292025742075096,0.92,0.9051724137931034,0.9545454545454546,0.9545454545454546,0.8777777777777778,0.12222222222222222,0.045454545454545456,0.08
test_m20n10_1e_3,sample_data_17_size_10.msgpack,0.8,0.984958669488745,0.03477147085297748,0.885,0.8543689320388349,0.9166666666666666,0.9166666666666666,0.8557692307692307,0.14423076923076922,0.08333333333333333,0.115
test_m20n10_1e_3,sample_data_64_size_10.msgpack,0.8,0.9919006969255677,0.14951560801604055,0.865,0.8099173553719008,0.9607843137254902,0.9607843137254902,0.7653061224489796,0.23469387755102042,0.0392156862745098,0.135
test_m20n10_1e_3,sample_data_47_size_10.msgpack,0.8,0.983742847729997,0.1293587383958436,0.875,0.8548387096774194,0.9380530973451328,0.9380530973451328,0.7931034482758621,0.20689655172413793,0.061946902654867256,0.125
test_m20n10_1e_3,sample_data_95_size_10.msgpack,0.8,0.9877720866761451,0.09313722778442104,0.865,0.859504132231405,0.9122807017543859,0.9122807017543859,0.8023255813953488,0.19767441860465115,0.08771929824561403,0.135
test_m20n10_1e_3,sample_data_71_size_10.msgpack,0.8,0.9868397222660666,0.14471218806355154,0.875,0.8333333333333334,0.9278350515463918,0.9278350515463918,0.8252427184466019,0.17475728155339806,0.07216494845360824,0.125
test_m20n10_1e_3,sample_data_18_size_10.msgpack,0.8,0.9853933489834723,0.2453369475812468,0.89,0.953125,0.8840579710144928,0.8840579710144928,0.9032258064516129,0.0967741935483871,0.11594202898550725,0.11
test_m20n10_1e_3,sample_data_27_size_10.msgpack,0.8,0.9770944392231882,0.13723671931367573,0.875,0.9180327868852459,0.8818897637795275,0.8818897637795275,0.863013698630137,0.136986301369863,0.11811023622047244,0.125
test_m20n10_1e_3,sample_data_84_size_10.msgpack,0.8,0.9857913686516689,0.1012244857675291,0.9,0.8691588785046729,0.9393939393939394,0.9393939393939394,0.8613861386138614,0.13861386138613863,0.06060606060606061,0.1
test_m30n10_1e_3,sample_data_97_size_10.msgpack,0.8,0.987061108658855,0.2027654715880242,0.88,0.8253012048192772,0.9513888888888888,0.9513888888888888,0.8141025641025641,0.1858974358974359,0.04861111111111111,0.12
test_m30n10_1e_3,sample_data_74_size_10.msgpack,0.8,0.990256644139908,0.06701341082646263,0.9066666666666666,0.8529411764705882,0.9797297297297297,0.9797297297297297,0.8355263157894737,0.16447368421052633,0.02027027027027027,0.09333333333333334
test_m30n10_1e_3,sample_data_17_size_10.msgpack,0.8,0.9870567178920235,0.15520023232646854,0.9033333333333333,0.8695652173913043,0.9459459459459459,0.9459459459459459,0.8618421052631579,0.13815789473684212,0.05405405405405406,0.09666666666666666
test_m30n10_1e_3,sample_data_64_size_10.msgpack,0.8,0.9866511072531613,0.10539360237685921,0.88,0.8926553672316384,0.9028571428571428,0.9028571428571428,0.848,0.152,0.09714285714285714,0.12
test_m30n10_1e_3,sample_data_47_size_10.msgpack,0.8,0.9869879387022086,0.1165944746333583,0.8766666666666667,0.8728323699421965,0.9096385542168675,0.9096385542168675,0.835820895522388,0.16417910447761194,0.09036144578313253,0.12333333333333334
test_m30n10_1e_3,sample_data_95_size_10.msgpack,0.8,0.9880725243771998,0.12027531632536977,0.8966666666666666,0.861878453038674,0.9629629629629629,0.9629629629629629,0.8188405797101449,0.18115942028985507,0.037037037037037035,0.10333333333333333
test_m30n10_1e_3,sample_data_71_size_10.msgpack,0.8,0.9927446668333938,0.20761676239447785,0.94,0.935672514619883,0.9580838323353293,0.9580838323353293,0.9172932330827067,0.08270676691729323,0.041916167664670656,0.06
test_m30n10_1e_3,sample_data_18_size_10.msgpack,0.8,0.9824724863993383,0.20004657982135077,0.9033333333333333,0.9329608938547486,0.907608695652174,0.907608695652174,0.896551724137931,0.10344827586206896,0.09239130434782608,0.09666666666666666
test_m30n10_1e_3,sample_data_27_size_10.msgpack,0.8,0.979683309737736,0.03328712933542573,0.88,0.8846153846153846,0.9147727272727273,0.9147727272727273,0.8306451612903226,0.1693548387096774,0.08522727272727272,0.12
test_m30n10_1e_3,sample_data_84_size_10.msgpack,0.8,0.9894918440986221,0.14313235403209099,0.88,0.8292682926829268,0.9444444444444444,0.9444444444444444,0.8205128205128205,0.1794871794871795,0.05555555555555555,0.12
test_m10n10_1e_3,sample_data_97_size_10.msgpack,0.9,0.9853087235046869,0.04758501662808486,0.9,0.94,0.8703703703703703,0.8703703703703703,0.9347826086956522,0.06521739130434782,0.12962962962962962,0.1
test_m10n10_1e_3,sample_data_74_size_10.msgpack,0.9,0.9861158392727564,0.03588198264965444,0.82,0.8909090909090909,0.8032786885245902,0.8032786885245902,0.8461538461538461,0.15384615384615385,0.19672131147540983,0.18
test_m10n10_1e_3,sample_data_17_size_10.msgpack,0.9,0.9691407984373537,0.02662157778687412,0.85,0.9111111111111111,0.7884615384615384,0.7884615384615384,0.9166666666666666,0.08333333333333333,0.21153846153846154,0.15
test_m10n10_1e_3,sample_data_64_size_10.msgpack,0.9,0.9585726261244673,0.013529202920817439,0.86,1.0,0.7586206896551724,0.7586206896551724,1.0,0.0,0.2413793103448276,0.14
test_m10n10_1e_3,sample_data_47_size_10.msgpack,0.9,0.9927711324373575,0.019678321262856614,0.9,0.9272727272727272,0.8947368421052632,0.8947368421052632,0.9069767441860465,0.09302325581395349,0.10526315789473684,0.1
test_m10n10_1e_3,sample_data_95_size_10.msgpack,0.9,0.965143966457423,0.01887946767175206,0.81,0.82,0.803921568627451,0.803921568627451,0.8163265306122449,0.1836734693877551,0.19607843137254902,0.19
test_m10n10_1e_3,sample_data_71_size_10.msgpack,0.9,0.9779455654049336,0.020988326854741418,0.87,0.8958333333333334,0.8431372549019608,0.8431372549019608,0.8979591836734694,0.10204081632653061,0.1568627450980392,0.13
test_m10n10_1e_3,sample_data_18_size_10.msgpack,0.9,0.9697291227871564,0.034808058953058385,0.92,0.9629629629629629,0.896551724137931,0.896551724137931,0.9523809523809523,0.047619047619047616,0.10344827586206896,0.08
test_m10n10_1e_3,sample_data_27_size_10.msgpack,0.9,0.9830897227765912,0.036346216251063844,0.88,0.9166666666666666,0.8461538461538461,0.8461538461538461,0.9166666666666666,0.08333333333333333,0.15384615384615385,0.12
test_m10n10_1e_3,sample_data_84_size_10.msgpack,0.9,0.9928777866147471,0.034532978385998774,0.9,0.9482758620689655,0.8870967741935484,0.8870967741935484,0.9210526315789473,0.07894736842105263,0.11290322580645161,0.1
test_m20n10_1e_3,sample_data_97_size_10.msgpack,0.9,0.964719992149829,0.051768719413714116,0.88,0.9393939393939394,0.8378378378378378,0.8378378378378378,0.9325842696629213,0.06741573033707865,0.16216216216216217,0.12
test_m20n10_1e_3,sample_data_74_size_10.msgpack,0.9,0.98791472517721,0.024350981557907925,0.935,0.9801980198019802,0.9,0.9,0.9777777777777777,0.022222222222222223,0.1,0.065
test_m20n10_1e_3,sample_data_17_size_10.msgpack,0.9,0.9686981699608578,0.019331600881191284,0.875,0.9176470588235294,0.8125,0.8125,0.9326923076923077,0.0673076923076923,0.1875,0.125
test_m20n10_1e_3,sample_data_64_size_10.msgpack,0.9,0.981132685145874,0.07714504234306661,0.86,0.8425925925925926,0.8921568627450981,0.8921568627450981,0.826530612244898,0.17346938775510204,0.10784313725490197,0.14
test_m20n10_1e_3,sample_data_47_size_10.msgpack,0.9,0.9673981330202666,0.07904291000938225,0.865,0.8909090909090909,0.8672566371681416,0.8672566371681416,0.8620689655172413,0.13793103448275862,0.13274336283185842,0.135
test_m20n10_1e_3,sample_data_95_size_10.msgpack,0.9,0.9842582719010594,0.06365844895806183,0.885,0.9099099099099099,0.8859649122807017,0.8859649122807017,0.8837209302325582,0.11627906976744186,0.11403508771929824,0.115
test_m20n10_1e_3,sample_data_71_size_10.msgpack,0.9,0.9679251971816838,0.07008832442645802,0.875,0.875,0.865979381443299,0.865979381443299,0.883495145631068,0.11650485436893204,0.13402061855670103,0.125
test_m20n10_1e_3,sample_data_18_size_10.msgpack,0.9,0.9797495755000268,0.12329982783771164,0.87,0.9827586206896551,0.8260869565217391,0.8260869565217391,0.967741935483871,0.03225806451612903,0.17391304347826086,0.13
test_m20n10_1e_3,sample_data_27_size_10.msgpack,0.9,0.9645102571166176,0.08327912544108092,0.85,0.9532710280373832,0.8031496062992126,0.8031496062992126,0.9315068493150684,0.0684931506849315,0.1968503937007874,0.15
test_m20n10_1e_3,sample_data_84_size_10.msgpack,0.9,0.9668199821155792,0.11504264250871885,0.87,0.8924731182795699,0.8383838383838383,0.8383838383838383,0.900990099009901,0.09900990099009901,0.16161616161616163,0.13
test_m30n10_1e_3,sample_data_97_size_10.msgpack,0.9,0.97680838826421,0.12608555300206237,0.8933333333333333,0.8888888888888888,0.8888888888888888,0.8888888888888888,0.8974358974358975,0.10256410256410256,0.1111111111111111,0.10666666666666667
test_m30n10_1e_3,sample_data_74_size_10.msgpack,0.9,0.9849541274782209,0.034184418772958,0.9366666666666666,0.9328859060402684,0.9391891891891891,0.9391891891891891,0.9342105263157895,0.06578947368421052,0.060810810810810814,0.06333333333333334
test_m30n10_1e_3,sample_data_17_size_10.msgpack,0.9,0.9748849837681283,0.271920519042317,0.9066666666666666,0.9166666666666666,0.8918918918918919,0.8918918918918919,0.9210526315789473,0.07894736842105263,0.10810810810810811,0.09333333333333334
test_m30n10_1e_3,sample_data_64_size_10.msgpack,0.9,0.9804320319179408,0.07384128836940572,0.8666666666666667,0.9411764705882353,0.8228571428571428,0.8228571428571428,0.928,0.072,0.17714285714285713,0.13333333333333333
test_m30n10_1e_3,sample_data_47_size_10.msgpack,0.9,0.9849325392585634,0.07524819087472315,0.8866666666666667,0.9285714285714286,0.8614457831325302,0.8614457831325302,0.917910447761194,0.08208955223880597,0.13855421686746988,0.11333333333333333
test_m30n10_1e_3,sample_data_95_size_10.msgpack,0.9,0.9781121949614381,0.06075546383487695,0.9,0.9177215189873418,0.8950617283950617,0.8950617283950617,0.9057971014492754,0.09420289855072464,0.10493827160493827,0.1
test_m30n10_1e_3,sample_data_71_size_10.msgpack,0.9,0.9890704246206535,0.10284576079029714,0.9166666666666666,0.9551282051282052,0.8922155688622755,0.8922155688622755,0.9473684210526315,0.05263157894736842,0.10778443113772455,0.08333333333333333
test_m30n10_1e_3,sample_data_18_size_10.msgpack,0.9,0.95554775779944,0.2651370367565025,0.86,0.94375,0.8206521739130435,0.8206521739130435,0.9224137931034483,0.07758620689655173,0.1793478260869565,0.14
test_m30n10_1e_3,sample_data_27_size_10.msgpack,0.9,0.9673775840915028,0.029581492685760245,0.8933333333333333,0.9235294117647059,0.8920454545454546,0.8920454545454546,0.8951612903225806,0.10483870967741936,0.10795454545454546,0.10666666666666667
test_m30n10_1e_3,sample_data_84_size_10.msgpack,0.9,0.9838170417470183,0.06596244954268496,0.9033333333333333,0.896551724137931,0.9027777777777778,0.9027777777777778,0.9038461538461539,0.09615384615384616,0.09722222222222222,0.09666666666666666
