n,dist_family,rho,heterogeneity,cost_scenario,instances,status_counts,runtime_mean,drop_mean,drop_median,ratio_mean,ratio_median
5,exponential,-0.5,full,hvhm,1,{'OPTIMAL': 1},77.39281606674194,0.3968760809525492,0.3968760809525492,0.6031239190474508,0.6031239190474508
5,exponential,-0.5,full,hvlm,1,{'OPTIMAL': 1},132.72649693489075,0.47233525431636336,0.47233525431636336,0.5276647456836366,0.5276647456836366
5,exponential,-0.5,full,zero,1,{'TIME_LIMIT': 1},300.2320339679718,0.1892308273501182,0.1892308273501182,0.8107691726498818,0.8107691726498818
5,exponential,-0.5,none,hvhm,1,{'OPTIMAL': 1},87.6998119354248,0.48063127371332715,0.48063127371332715,0.5193687262866729,0.5193687262866729
5,exponential,-0.5,none,hvlm,1,{'OPTIMAL': 1},132.6125409603119,0.2134290784532683,0.2134290784532683,0.7865709215467317,0.7865709215467317
5,exponential,-0.5,none,zero,1,{'TIME_LIMIT': 1},300.15392804145813,0.15257001862274333,0.15257001862274333,0.8474299813772567,0.8474299813772567
5,exponential,-0.5,partial,hvhm,1,{'OPTIMAL': 1},17.603790998458862,0.35295602290928796,0.35295602290928796,0.647043977090712,0.647043977090712
5,exponential,-0.5,partial,hvlm,1,{'OPTIMAL': 1},277.31815099716187,0.3342034970243618,0.3342034970243618,0.6657965029756382,0.6657965029756382
5,exponential,-0.5,partial,zero,1,{'TIME_LIMIT': 1},300.18118381500244,0.15173426400241485,0.15173426400241485,0.8482657359975851,0.8482657359975851
5,exponential,0.0,full,hvhm,1,{'OPTIMAL': 1},91.0208969116211,0.43837625706327854,0.43837625706327854,0.5616237429367215,0.5616237429367215
5,exponential,0.0,full,hvlm,1,{'OPTIMAL': 1},138.5801351070404,0.6085978239210903,0.6085978239210903,0.39140217607890976,0.39140217607890976
5,exponential,0.0,full,zero,1,{'TIME_LIMIT': 1},300.1163761615753,0.298293040095049,0.298293040095049,0.701706959904951,0.701706959904951
5,exponential,0.0,none,hvhm,1,{'OPTIMAL': 1},278.70734691619873,0.29736610424491894,0.29736610424491894,0.7026338957550811,0.7026338957550811
5,exponential,0.0,none,hvlm,1,{'TIME_LIMIT': 1},300.0523929595947,0.43594692216266195,0.43594692216266195,0.564053077837338,0.564053077837338
5,exponential,0.0,none,zero,1,{'TIME_LIMIT': 1},300.3185968399048,0.24212218469135283,0.24212218469135283,0.7578778153086472,0.7578778153086472
5,exponential,0.0,partial,hvhm,1,{'OPTIMAL': 1},99.7326591014862,0.3828992311732162,0.3828992311732162,0.6171007688267838,0.6171007688267838
5,exponential,0.0,partial,hvlm,1,{'OPTIMAL': 1},127.73664498329163,0.31716771458747983,0.31716771458747983,0.6828322854125202,0.6828322854125202
5,exponential,0.0,partial,zero,1,{'TIME_LIMIT': 1},300.1658329963684,0.08409819080841363,0.08409819080841363,0.9159018091915864,0.9159018091915864
5,exponential,0.5,full,hvhm,1,{'OPTIMAL': 1},58.69462609291077,0.331180360167475,0.331180360167475,0.668819639832525,0.668819639832525
5,exponential,0.5,full,hvlm,1,{'OPTIMAL': 1},45.75686001777649,0.4610395153366632,0.4610395153366632,0.5389604846633368,0.5389604846633368
5,exponential,0.5,full,zero,1,{'TIME_LIMIT': 1},300.208801984787,0.25404369329521137,0.25404369329521137,0.7459563067047886,0.7459563067047886
5,exponential,0.5,none,hvhm,1,{'OPTIMAL': 1},80.52341389656067,0.4398443345913793,0.4398443345913793,0.5601556654086207,0.5601556654086207
5,exponential,0.5,none,hvlm,1,{'OPTIMAL': 1},172.05958700180054,0.26595846264209044,0.26595846264209044,0.7340415373579096,0.7340415373579096
5,exponential,0.5,none,zero,1,{'TIME_LIMIT': 1},300.0161290168762,0.299276809946618,0.299276809946618,0.700723190053382,0.700723190053382
5,exponential,0.5,partial,hvhm,1,{'OPTIMAL': 1},85.55546593666077,0.5048229347201147,0.5048229347201147,0.4951770652798853,0.4951770652798853
5,exponential,0.5,partial,hvlm,1,{'OPTIMAL': 1},86.37245297431946,0.5584770094497005,0.5584770094497005,0.4415229905502995,0.4415229905502995
5,exponential,0.5,partial,zero,1,{'TIME_LIMIT': 1},300.1266529560089,0.35763848634739814,0.35763848634739814,0.6423615136526019,0.6423615136526019
5,logit,-0.5,full,hvhm,1,{'TIME_LIMIT': 1},301.07833909988403,0.16136814677205202,0.16136814677205202,0.838631853227948,0.838631853227948
5,logit,-0.5,full,hvlm,1,{'OPTIMAL': 1},31.135630130767822,0.15903881326172553,0.15903881326172553,0.8409611867382745,0.8409611867382745
5,logit,-0.5,full,zero,1,{'OPTIMAL': 1},0.5950930118560791,0.08816326530607521,0.08816326530607521,0.9118367346939248,0.9118367346939248
5,logit,-0.5,none,hvhm,1,{'TIME_LIMIT': 1},300.2774200439453,0.3428921801718282,0.3428921801718282,0.6571078198281718,0.6571078198281718
5,logit,-0.5,none,hvlm,1,{'OPTIMAL': 1},18.014145851135254,0.10200678569842891,0.10200678569842891,0.8979932143015711,0.8979932143015711
5,logit,-0.5,none,zero,1,{'OPTIMAL': 1},11.511719942092896,0.09465898431890896,0.09465898431890896,0.905341015681091,0.905341015681091
5,logit,-0.5,partial,hvhm,1,{'OPTIMAL': 1},148.08957600593567,0.09758461669353491,0.09758461669353491,0.9024153833064651,0.9024153833064651
5,logit,-0.5,partial,hvlm,1,{'OPTIMAL': 1},24.518434047698975,0.12463908136071888,0.12463908136071888,0.8753609186392811,0.8753609186392811
5,logit,-0.5,partial,zero,1,{'OPTIMAL': 1},1.2032990455627441,0.03789461000043559,0.03789461000043559,0.9621053899995644,0.9621053899995644
5,logit,0.0,full,hvhm,1,{'TIME_LIMIT': 1},300.08957290649414,0.19392139387150698,0.19392139387150698,0.806078606128493,0.806078606128493
5,logit,0.0,full,hvlm,1,{'OPTIMAL': 1},50.90693497657776,0.14683510470460903,0.14683510470460903,0.853164895295391,0.853164895295391
5,logit,0.0,full,zero,1,{'OPTIMAL': 1},1.1482939720153809,0.03881392561766106,0.03881392561766106,0.9611860743823389,0.9611860743823389
5,logit,0.0,none,hvhm,1,{'OPTIMAL': 1},203.27574110031128,0.4016252082087176,0.4016252082087176,0.5983747917912824,0.5983747917912824
5,logit,0.0,none,hvlm,1,{'OPTIMAL': 1},61.895183086395264,0.3261328670988267,0.3261328670988267,0.6738671329011733,0.6738671329011733
5,logit,0.0,none,zero,1,{'OPTIMAL': 1},42.974663972854614,0.1281910114261604,0.1281910114261604,0.8718089885738396,0.8718089885738396
5,logit,0.0,partial,hvhm,1,{'OPTIMAL': 1},139.59641408920288,0.11066667899786908,0.11066667899786908,0.8893333210021309,0.8893333210021309
5,logit,0.0,partial,hvlm,1,{'OPTIMAL': 1},130.88082194328308,0.08548272337611185,0.08548272337611185,0.9145172766238882,0.9145172766238882
5,logit,0.0,partial,zero,1,{'OPTIMAL': 1},2.5766680240631104,0.07236905627632095,0.07236905627632095,0.927630943723679,0.927630943723679
5,logit,0.5,full,hvhm,1,{'TIME_LIMIT': 1},300.1909658908844,0.2270264562778882,0.2270264562778882,0.7729735437221118,0.7729735437221118
5,logit,0.5,full,hvlm,1,{'OPTIMAL': 1},33.94233798980713,0.20918539861916552,0.20918539861916552,0.7908146013808345,0.7908146013808345
5,logit,0.5,full,zero,1,{'OPTIMAL': 1},1.5503959655761719,0.02647922705047734,0.02647922705047734,0.9735207729495227,0.9735207729495227
5,logit,0.5,none,hvhm,1,{'TIME_LIMIT': 1},300.1819689273834,0.4415404234732737,0.4415404234732737,0.5584595765267263,0.5584595765267263
5,logit,0.5,none,hvlm,1,{'OPTIMAL': 1},31.881397008895874,0.13571587664315732,0.13571587664315732,0.8642841233568427,0.8642841233568427
5,logit,0.5,none,zero,1,{'OPTIMAL': 1},29.551840782165527,0.15642261796280932,0.15642261796280932,0.8435773820371907,0.8435773820371907
5,logit,0.5,partial,hvhm,1,{'TIME_LIMIT': 1},300.10457587242126,0.15235840951863766,0.15235840951863766,0.8476415904813623,0.8476415904813623
5,logit,0.5,partial,hvlm,1,{'OPTIMAL': 1},23.739614009857178,0.21682676677827672,0.21682676677827672,0.7831732332217233,0.7831732332217233
5,logit,0.5,partial,zero,1,{'OPTIMAL': 1},2.2989790439605713,0.023821442053416075,0.023821442053416075,0.9761785579465839,0.9761785579465839
5,lognormal,-0.5,full,hvhm,1,{'OPTIMAL': 1},47.74730396270752,0.11876259093795716,0.11876259093795716,0.8812374090620428,0.8812374090620428
5,lognormal,-0.5,full,hvlm,1,{'OPTIMAL': 1},253.12877297401428,0.4026175665806455,0.4026175665806455,0.5973824334193545,0.5973824334193545
5,lognormal,-0.5,full,zero,1,{'OPTIMAL': 1},120.1338369846344,0.15211281726839654,0.15211281726839654,0.8478871827316035,0.8478871827316035
5,lognormal,-0.5,none,hvhm,1,{'TIME_LIMIT': 1},300.2277150154114,0.4159893876309384,0.4159893876309384,0.5840106123690616,0.5840106123690616
5,lognormal,-0.5,none,hvlm,1,{'OPTIMAL': 1},26.90056014060974,0.12039682634266047,0.12039682634266047,0.8796031736573395,0.8796031736573395
5,lognormal,-0.5,none,zero,1,{'OPTIMAL': 1},65.47292804718018,0.06804045353104538,0.06804045353104538,0.9319595464689546,0.9319595464689546
5,lognormal,-0.5,partial,hvhm,1,{'TIME_LIMIT': 1},300.21517992019653,0.2922860751059818,0.2922860751059818,0.7077139248940182,0.7077139248940182
5,lognormal,-0.5,partial,hvlm,1,{'OPTIMAL': 1},205.6742298603058,0.1769548363738963,0.1769548363738963,0.8230451636261037,0.8230451636261037
5,lognormal,-0.5,partial,zero,1,{'TIME_LIMIT': 1},300.25269389152527,0.06897528856587876,0.06897528856587876,0.9310247114341212,0.9310247114341212
5,lognormal,0.0,full,hvhm,1,{'OPTIMAL': 1},188.79097700119019,0.4779195879998932,0.4779195879998932,0.5220804120001068,0.5220804120001068
5,lognormal,0.0,full,hvlm,1,{'OPTIMAL': 1},151.49201488494873,0.37030690898897944,0.37030690898897944,0.6296930910110206,0.6296930910110206
5,lognormal,0.0,full,zero,1,{'OPTIMAL': 1},153.69619297981262,0.19588837468913833,0.19588837468913833,0.8041116253108617,0.8041116253108617
5,lognormal,0.0,none,hvhm,1,{'TIME_LIMIT': 1},300.28336906433105,0.4490248281149919,0.4490248281149919,0.5509751718850081,0.5509751718850081
5,lognormal,0.0,none,hvlm,1,{'OPTIMAL': 1},201.86691403388977,0.1529886517051211,0.1529886517051211,0.8470113482948789,0.8470113482948789
5,lognormal,0.0,none,zero,1,{'TIME_LIMIT': 1},300.2118058204651,0.2139738391144559,0.2139738391144559,0.7860261608855441,0.7860261608855441
5,lognormal,0.0,partial,hvhm,1,{'TIME_LIMIT': 1},300.23798298835754,0.554420301487654,0.554420301487654,0.445579698512346,0.445579698512346
5,lognormal,0.0,partial,hvlm,1,{'TIME_LIMIT': 1},300.2871868610382,0.37780383345510493,0.37780383345510493,0.6221961665448951,0.6221961665448951
5,lognormal,0.0,partial,zero,1,{'TIME_LIMIT': 1},300.2600359916687,0.08974296696974804,0.08974296696974804,0.910257033030252,0.910257033030252
5,lognormal,0.5,full,hvhm,1,{'OPTIMAL': 1},65.77592706680298,0.42624474484921027,0.42624474484921027,0.5737552551507897,0.5737552551507897
5,lognormal,0.5,full,hvlm,1,{'OPTIMAL': 1},142.59799599647522,0.24462716839791598,0.24462716839791598,0.755372831602084,0.755372831602084
5,lognormal,0.5,full,zero,1,{'OPTIMAL': 1},130.9139449596405,0.18633509702696538,0.18633509702696538,0.8136649029730346,0.8136649029730346
5,lognormal,0.5,none,hvhm,1,{'TIME_LIMIT': 1},300.3254659175873,0.43892345429203816,0.43892345429203816,0.5610765457079618,0.5610765457079618
5,lognormal,0.5,none,hvlm,1,{'TIME_LIMIT': 1},300.17991185188293,0.29260530340095137,0.29260530340095137,0.7073946965990486,0.7073946965990486
5,lognormal,0.5,none,zero,1,{'TIME_LIMIT': 1},300.2137129306793,0.12710705671688094,0.12710705671688094,0.8728929432831191,0.8728929432831191
5,lognormal,0.5,partial,hvhm,1,{'TIME_LIMIT': 1},300.22762393951416,0.5330587435591854,0.5330587435591854,0.46694125644081463,0.46694125644081463
5,lognormal,0.5,partial,hvlm,1,{'OPTIMAL': 1},126.72269105911255,0.3938600533542844,0.3938600533542844,0.6061399466457156,0.6061399466457156
5,lognormal,0.5,partial,zero,1,{'OPTIMAL': 1},29.88918399810791,0.1519273915958358,0.1519273915958358,0.8480726084041642,0.8480726084041642
5,normal,-0.5,full,hvhm,1,{'OPTIMAL': 1},26.469883918762207,0.3164213436475063,0.3164213436475063,0.6835786563524937,0.6835786563524937
5,normal,-0.5,full,hvlm,1,{'OPTIMAL': 1},111.5933051109314,0.3004449144081881,0.3004449144081881,0.6995550855918119,0.6995550855918119
5,normal,-0.5,full,zero,1,{'OPTIMAL': 1},1.318315029144287,0.13778247146756917,0.13778247146756917,0.8622175285324308,0.8622175285324308
5,normal,-0.5,none,hvhm,1,{'OPTIMAL': 1},8.64713978767395,0.43544646312282165,0.43544646312282165,0.5645535368771784,0.5645535368771784
5,normal,-0.5,none,hvlm,1,{'OPTIMAL': 1},16.53170108795166,0.28284334225047414,0.28284334225047414,0.7171566577495259,0.7171566577495259
5,normal,-0.5,none,zero,1,{'OPTIMAL': 1},46.77820086479187,0.18242690095800151,0.18242690095800151,0.8175730990419985,0.8175730990419985
5,normal,-0.5,partial,hvhm,1,{'TIME_LIMIT': 1},300.24440908432007,0.2452102512190023,0.2452102512190023,0.7547897487809977,0.7547897487809977
5,normal,-0.5,partial,hvlm,1,{'OPTIMAL': 1},41.914581060409546,0.11439853691083968,0.11439853691083968,0.8856014630891603,0.8856014630891603
5,normal,-0.5,partial,zero,1,{'OPTIMAL': 1},1.1234400272369385,0.06199408249273797,0.06199408249273797,0.938005917507262,0.938005917507262
5,normal,0.0,full,hvhm,1,{'TIME_LIMIT': 1},300.2261600494385,0.2739227434873972,0.2739227434873972,0.7260772565126028,0.7260772565126028
5,normal,0.0,full,hvlm,1,{'OPTIMAL': 1},29.693592071533203,0.2159070087751569,0.2159070087751569,0.7840929912248431,0.7840929912248431
5,normal,0.0,full,zero,1,{'OPTIMAL': 1},1.7987902164459229,0.17455589324266774,0.17455589324266774,0.8254441067573323,0.8254441067573323
5,normal,0.0,none,hvhm,1,{'OPTIMAL': 1},181.43951416015625,0.297313125249391,0.297313125249391,0.702686874750609,0.702686874750609
5,normal,0.0,none,hvlm,1,{'OPTIMAL': 1},59.40918016433716,0.3881247395272056,0.3881247395272056,0.6118752604727944,0.6118752604727944
5,normal,0.0,none,zero,1,{'OPTIMAL': 1},140.89795684814453,0.27845798279172607,0.27845798279172607,0.7215420172082739,0.7215420172082739
5,normal,0.0,partial,hvhm,1,{'OPTIMAL': 1},53.078591108322144,0.32972808692707567,0.32972808692707567,0.6702719130729243,0.6702719130729243
5,normal,0.0,partial,hvlm,1,{'OPTIMAL': 1},228.76376581192017,0.1570795485944727,0.1570795485944727,0.8429204514055273,0.8429204514055273
5,normal,0.0,partial,zero,1,{'OPTIMAL': 1},4.012409925460815,0.08664330502102535,0.08664330502102535,0.9133566949789746,0.9133566949789746
5,normal,0.5,full,hvhm,1,{'TIME_LIMIT': 1},300.0944809913635,0.21709486775952624,0.21709486775952624,0.7829051322404738,0.7829051322404738
5,normal,0.5,full,hvlm,1,{'OPTIMAL': 1},108.54341888427734,0.37607571865488043,0.37607571865488043,0.6239242813451196,0.6239242813451196
5,normal,0.5,full,zero,1,{'OPTIMAL': 1},1.5204169750213623,0.08366377016606641,0.08366377016606641,0.9163362298339336,0.9163362298339336
5,normal,0.5,none,hvhm,1,{'TIME_LIMIT': 1},300.1486608982086,0.2896669750269104,0.2896669750269104,0.7103330249730896,0.7103330249730896
5,normal,0.5,none,hvlm,1,{'TIME_LIMIT': 1},300.21220803260803,0.21394547019175925,0.21394547019175925,0.7860545298082408,0.7860545298082408
5,normal,0.5,none,zero,1,{'TIME_LIMIT': 1},300.188805103302,0.17076640028756052,0.17076640028756052,0.8292335997124395,0.8292335997124395
5,normal,0.5,partial,hvhm,1,{'TIME_LIMIT': 1},300.2583508491516,0.30451005300238465,0.30451005300238465,0.6954899469976153,0.6954899469976153
5,normal,0.5,partial,hvlm,1,{'OPTIMAL': 1},139.7120270729065,0.24999376021300068,0.24999376021300068,0.7500062397869993,0.7500062397869993
5,normal,0.5,partial,zero,1,{'OPTIMAL': 1},3.8458268642425537,0.06625898381814277,0.06625898381814277,0.9337410161818572,0.9337410161818572
5,uniform,-0.5,full,hvhm,1,{'OPTIMAL': 1},105.3358302116394,0.16308920604139676,0.16308920604139676,0.8369107939586032,0.8369107939586032
5,uniform,-0.5,full,hvlm,1,{'OPTIMAL': 1},13.33606219291687,0.3375853771614923,0.3375853771614923,0.6624146228385077,0.6624146228385077
5,uniform,-0.5,full,zero,1,{'OPTIMAL': 1},1.5503149032592773,0.04352512591867752,0.04352512591867752,0.9564748740813225,0.9564748740813225
5,uniform,-0.5,none,hvhm,1,{'OPTIMAL': 1},34.067221879959106,0.4112849615575571,0.4112849615575571,0.5887150384424429,0.5887150384424429
5,uniform,-0.5,none,hvlm,1,{'OPTIMAL': 1},26.550534963607788,0.22956399494675028,0.22956399494675028,0.7704360050532497,0.7704360050532497
5,uniform,-0.5,none,zero,1,{'OPTIMAL': 1},49.75639605522156,0.07599228838169969,0.07599228838169969,0.9240077116183003,0.9240077116183003
5,uniform,-0.5,partial,hvhm,1,{'OPTIMAL': 1},149.6009078025818,0.26396914499788093,0.26396914499788093,0.7360308550021191,0.7360308550021191
5,uniform,-0.5,partial,hvlm,1,{'OPTIMAL': 1},139.38320517539978,0.25543270599257506,0.25543270599257506,0.7445672940074249,0.7445672940074249
5,uniform,-0.5,partial,zero,1,{'OPTIMAL': 1},5.242999076843262,0.2196456819402619,0.2196456819402619,0.7803543180597381,0.7803543180597381
5,uniform,0.0,full,hvhm,1,{'OPTIMAL': 1},35.019684076309204,0.4127862104013693,0.4127862104013693,0.5872137895986307,0.5872137895986307
5,uniform,0.0,full,hvlm,1,{'OPTIMAL': 1},107.35807490348816,0.2924528017300678,0.2924528017300678,0.7075471982699322,0.7075471982699322
5,uniform,0.0,full,zero,1,{'OPTIMAL': 1},2.1743810176849365,0.10126815006636558,0.10126815006636558,0.8987318499336344,0.8987318499336344
5,uniform,0.0,none,hvhm,1,{'OPTIMAL': 1},77.76368117332458,0.362930163403835,0.362930163403835,0.637069836596165,0.637069836596165
5,uniform,0.0,none,hvlm,1,{'OPTIMAL': 1},26.69387197494507,0.27552975350738673,0.27552975350738673,0.7244702464926133,0.7244702464926133
5,uniform,0.0,none,zero,1,{'TIME_LIMIT': 1},300.20588088035583,0.26588447373509194,0.26588447373509194,0.7341155262649081,0.7341155262649081
5,uniform,0.0,partial,hvhm,1,{'OPTIMAL': 1},41.77486991882324,0.2881204455433932,0.2881204455433932,0.7118795544566068,0.7118795544566068
5,uniform,0.0,partial,hvlm,1,{'OPTIMAL': 1},122.12910795211792,0.34099942628840785,0.34099942628840785,0.6590005737115922,0.6590005737115922
5,uniform,0.0,partial,zero,1,{'OPTIMAL': 1},4.473675966262817,0.09117906742059945,0.09117906742059945,0.9088209325794006,0.9088209325794006
5,uniform,0.5,full,hvhm,1,{'OPTIMAL': 1},198.0842068195343,0.2725573524215815,0.2725573524215815,0.7274426475784185,0.7274426475784185
5,uniform,0.5,full,hvlm,1,{'OPTIMAL': 1},146.73775100708008,0.3208623364635359,0.3208623364635359,0.6791376635364641,0.6791376635364641
5,uniform,0.5,full,zero,1,{'OPTIMAL': 1},3.4692020416259766,0.12710356889838914,0.12710356889838914,0.8728964311016109,0.8728964311016109
5,uniform,0.5,none,hvhm,1,{'OPTIMAL': 1},93.67791986465454,0.42621232125080555,0.42621232125080555,0.5737876787491945,0.5737876787491945
5,uniform,0.5,none,hvlm,1,{'OPTIMAL': 1},25.091318130493164,0.49606928264848404,0.49606928264848404,0.503930717351516,0.503930717351516
5,uniform,0.5,none,zero,1,{'OPTIMAL': 1},173.07438611984253,0.25097850825352397,0.25097850825352397,0.749021491746476,0.749021491746476
5,uniform,0.5,partial,hvhm,1,{'OPTIMAL': 1},208.71757197380066,0.2823227268446338,0.2823227268446338,0.7176772731553662,0.7176772731553662
5,uniform,0.5,partial,hvlm,1,{'OPTIMAL': 1},258.9974789619446,0.3378405361081117,0.3378405361081117,0.6621594638918883,0.6621594638918883
5,uniform,0.5,partial,zero,1,{'OPTIMAL': 1},10.330719947814941,0.1514830720901218,0.1514830720901218,0.8485169279098782,0.8485169279098782
10,exponential,-0.5,full,hvhm,1,{'TIME_LIMIT': 1},300.2388961315155,0.3912816500913392,0.3912816500913392,0.6087183499086608,0.6087183499086608
10,exponential,-0.5,full,hvlm,1,{'TIME_LIMIT': 1},300.22556614875793,0.6744970791472529,0.6744970791472529,0.3255029208527472,0.3255029208527472
10,exponential,-0.5,full,zero,1,{'TIME_LIMIT': 1},301.06092500686646,-0.8400000000000054,-0.8400000000000054,1.8400000000000054,1.8400000000000054
10,exponential,-0.5,none,hvhm,1,{'TIME_LIMIT': 1},300.6796419620514,0.6584113840258674,0.6584113840258674,0.34158861597413254,0.34158861597413254
10,exponential,-0.5,none,hvlm,1,{'TIME_LIMIT': 1},300.71664905548096,0.4232055112448875,0.4232055112448875,0.5767944887551125,0.5767944887551125
10,exponential,-0.5,none,zero,1,{'TIME_LIMIT': 1},301.15066599845886,0.30000000000000004,0.30000000000000004,0.7,0.7
10,exponential,-0.5,partial,hvhm,1,{'TIME_LIMIT': 1},300.4776020050049,0.5122349046720984,0.5122349046720984,0.4877650953279016,0.4877650953279016
10,exponential,-0.5,partial,hvlm,1,{'TIME_LIMIT': 1},300.3721420764923,0.5068928039872607,0.5068928039872607,0.4931071960127394,0.4931071960127394
10,exponential,-0.5,partial,zero,1,{'TIME_LIMIT': 1},301.05041003227234,0.24885481676523213,0.24885481676523213,0.7511451832347679,0.7511451832347679
10,exponential,0.0,full,hvhm,1,{'TIME_LIMIT': 1},300.1461260318756,0.5399817744770521,0.5399817744770521,0.46001822552294797,0.46001822552294797
10,exponential,0.0,full,hvlm,1,{'TIME_LIMIT': 1},300.1478159427643,0.44768690037904446,0.44768690037904446,0.5523130996209555,0.5523130996209555
10,exponential,0.0,full,zero,1,{'TIME_LIMIT': 1},300.2238028049469,0.74,0.74,0.26000000000000006,0.26000000000000006
10,exponential,0.0,none,hvhm,1,{'TIME_LIMIT': 1},300.15899300575256,0.5393161442754228,0.5393161442754228,0.46068385572457715,0.46068385572457715
10,exponential,0.0,none,hvlm,1,{'TIME_LIMIT': 1},300.33681201934814,0.370490898656877,0.370490898656877,0.629509101343123,0.629509101343123
10,exponential,0.0,none,zero,1,{'TIME_LIMIT': 1},300.5337588787079,-0.5299999999999958,-0.5299999999999958,1.5299999999999958,1.5299999999999958
10,exponential,0.0,partial,hvhm,1,{'TIME_LIMIT': 1},301.3163869380951,0.305207749766067,0.305207749766067,0.694792250233933,0.694792250233933
10,exponential,0.0,partial,hvlm,1,{'TIME_LIMIT': 1},300.48204493522644,0.4902566756639698,0.4902566756639698,0.5097433243360302,0.5097433243360302
10,exponential,0.0,partial,zero,1,{'TIME_LIMIT': 1},302.6718759536743,0.40999999999999903,0.40999999999999903,0.590000000000001,0.590000000000001
10,exponential,0.5,full,hvhm,1,{'TIME_LIMIT': 1},300.52115297317505,0.4421528826871447,0.4421528826871447,0.5578471173128553,0.5578471173128553
10,exponential,0.5,full,hvlm,1,{'TIME_LIMIT': 1},300.5976998806,0.5235621099543613,0.5235621099543613,0.4764378900456387,0.4764378900456387
10,exponential,0.5,full,zero,1,{'TIME_LIMIT': 1},301.05225110054016,-0.8500000000000008,-0.8500000000000008,1.8500000000000008,1.8500000000000008
10,exponential,0.5,none,hvhm,1,{'TIME_LIMIT': 1},300.166424036026,0.42678915954515106,0.42678915954515106,0.5732108404548489,0.5732108404548489
10,exponential,0.5,none,hvlm,1,{'TIME_LIMIT': 1},300.6185350418091,0.34629799084434365,0.34629799084434365,0.6537020091556563,0.6537020091556563
10,exponential,0.5,none,zero,1,{'TIME_LIMIT': 1},300.1366219520569,0.8099999999999999,0.8099999999999999,0.19000000000000009,0.19000000000000009
10,exponential,0.5,partial,hvhm,1,{'TIME_LIMIT': 1},300.56136894226074,0.4807524476020216,0.4807524476020216,0.5192475523979784,0.5192475523979784
10,exponential,0.5,partial,hvlm,1,{'TIME_LIMIT': 1},300.23033595085144,0.5315944935390862,0.5315944935390862,0.4684055064609139,0.4684055064609139
10,exponential,0.5,partial,zero,1,{'TIME_LIMIT': 1},301.5523600578308,0.3400000000000004,0.3400000000000004,0.6599999999999996,0.6599999999999996
10,logit,-0.5,full,hvhm,1,{'TIME_LIMIT': 1},301.664892911911,0.29859544927203263,0.29859544927203263,0.7014045507279674,0.7014045507279674
10,logit,-0.5,full,hvlm,1,{'TIME_LIMIT': 1},307.62345910072327,0.37980858929012085,0.37980858929012085,0.6201914107098792,0.6201914107098792
10,logit,-0.5,full,zero,1,{'OPTIMAL': 1},176.01285982131958,0.028999999999952508,0.028999999999952508,0.9710000000000475,0.9710000000000475
10,logit,-0.5,none,hvhm,1,{'TIME_LIMIT': 1},300.4978311061859,0.4309663111830081,0.4309663111830081,0.5690336888169919,0.5690336888169919
10,logit,-0.5,none,hvlm,1,{'TIME_LIMIT': 1},300.42412400245667,0.4250847478304228,0.4250847478304228,0.5749152521695772,0.5749152521695772
10,logit,-0.5,none,zero,1,{'TIME_LIMIT': 1},300.4613997936249,0.13851953493341096,0.13851953493341096,0.861480465066589,0.861480465066589
10,logit,-0.5,partial,hvhm,1,{'TIME_LIMIT': 1},300.9967041015625,0.7400000000000002,0.7400000000000002,0.25999999999999984,0.25999999999999984
10,logit,-0.5,partial,hvlm,1,{'TIME_LIMIT': 1},301.349720954895,0.39001101442961006,0.39001101442961006,0.6099889855703899,0.6099889855703899
10,logit,-0.5,partial,zero,1,{'TIME_LIMIT': 1},301.2187650203705,0.0906250000000004,0.0906250000000004,0.9093749999999996,0.9093749999999996
10,logit,0.0,full,hvhm,1,{'TIME_LIMIT': 1},300.41018891334534,0.03610079091018048,0.03610079091018048,0.9638992090898195,0.9638992090898195
10,logit,0.0,full,hvlm,1,{'TIME_LIMIT': 1},300.54194498062134,0.1867213254532727,0.1867213254532727,0.8132786745467273,0.8132786745467273
10,logit,0.0,full,zero,1,{'TIME_LIMIT': 1},300.54498505592346,0.011278043974195184,0.011278043974195184,0.9887219560258048,0.9887219560258048
10,logit,0.0,none,hvhm,1,{'TIME_LIMIT': 1},300.5585300922394,0.27696337739099663,0.27696337739099663,0.7230366226090034,0.7230366226090034
10,logit,0.0,none,hvlm,1,{'TIME_LIMIT': 1},300.7298049926758,0.3079228848181089,0.3079228848181089,0.6920771151818911,0.6920771151818911
10,logit,0.0,none,zero,1,{'TIME_LIMIT': 1},300.7153580188751,0.14621855676434448,0.14621855676434448,0.8537814432356555,0.8537814432356555
10,logit,0.0,partial,hvhm,1,{'TIME_LIMIT': 1},300.92071890830994,0.16771973152041997,0.16771973152041997,0.83228026847958,0.83228026847958
10,logit,0.0,partial,hvlm,1,{'TIME_LIMIT': 1},300.44111704826355,0.3576696037090392,0.3576696037090392,0.6423303962909608,0.6423303962909608
10,logit,0.0,partial,zero,1,{'OPTIMAL': 1},244.652086019516,0.07872162550651451,0.07872162550651451,0.9212783744934855,0.9212783744934855
10,logit,0.5,full,hvhm,1,{'TIME_LIMIT': 1},300.56410121917725,0.16788460658416093,0.16788460658416093,0.8321153934158391,0.8321153934158391
10,logit,0.5,full,hvlm,1,{'TIME_LIMIT': 1},300.5813000202179,-0.19016424643157603,-0.19016424643157603,1.190164246431576,1.190164246431576
10,logit,0.5,full,zero,1,{'OPTIMAL': 1},201.31573295593262,0.012651340499818753,0.012651340499818753,0.9873486595001812,0.9873486595001812
10,logit,0.5,none,hvhm,1,{'TIME_LIMIT': 1},300.3229269981384,0.5528668971961871,0.5528668971961871,0.4471331028038129,0.4471331028038129
10,logit,0.5,none,hvlm,1,{'TIME_LIMIT': 1},301.67752408981323,0.17348661745403038,0.17348661745403038,0.8265133825459696,0.8265133825459696
10,logit,0.5,none,zero,1,{'TIME_LIMIT': 1},300.3889420032501,0.14571415148441558,0.14571415148441558,0.8542858485155844,0.8542858485155844
10,logit,0.5,partial,hvhm,1,{'TIME_LIMIT': 1},300.3608820438385,0.1647651003113504,0.1647651003113504,0.8352348996886496,0.8352348996886496
10,logit,0.5,partial,hvlm,1,{'TIME_LIMIT': 1},300.4420690536499,-0.15276352582979036,-0.15276352582979036,1.1527635258297904,1.1527635258297904
10,logit,0.5,partial,zero,1,{'TIME_LIMIT': 1},300.5004630088806,0.06283972165614204,0.06283972165614204,0.937160278343858,0.937160278343858
10,lognormal,-0.5,full,hvhm,1,{'TIME_LIMIT': 1},300.3707928657532,0.8400000000000001,0.8400000000000001,0.15999999999999992,0.15999999999999992
10,lognormal,-0.5,full,hvlm,1,{'TIME_LIMIT': 1},300.34092712402344,0.4289581736321748,0.4289581736321748,0.5710418263678252,0.5710418263678252
10,lognormal,-0.5,full,zero,1,{'TIME_LIMIT': 1},301.6182279586792,0.7499999999999999,0.7499999999999999,0.2500000000000001,0.2500000000000001
10,lognormal,-0.5,none,hvhm,1,{'TIME_LIMIT': 1},300.6734368801117,0.4564817189384759,0.4564817189384759,0.5435182810615241,0.5435182810615241
10,lognormal,-0.5,none,hvlm,1,{'TIME_LIMIT': 1},302.4956109523773,0.3781965245768021,0.3781965245768021,0.6218034754231979,0.6218034754231979
10,lognormal,-0.5,none,zero,1,{'TIME_LIMIT': 1},300.60631799697876,0.11833097504636969,0.11833097504636969,0.8816690249536303,0.8816690249536303
10,lognormal,-0.5,partial,hvhm,1,{'TIME_LIMIT': 1},300.1480870246887,0.46115021789150235,0.46115021789150235,0.5388497821084977,0.5388497821084977
10,lognormal,-0.5,partial,hvlm,1,{'TIME_LIMIT': 1},300.6644208431244,0.221090116243974,0.221090116243974,0.778909883756026,0.778909883756026
10,lognormal,-0.5,partial,zero,1,{'TIME_LIMIT': 1},300.2034840583801,0.05840164328242392,0.05840164328242392,0.9415983567175761,0.9415983567175761
10,lognormal,0.0,full,hvhm,1,{'TIME_LIMIT': 1},300.9696578979492,0.5793605893179331,0.5793605893179331,0.4206394106820669,0.4206394106820669
10,lognormal,0.0,full,hvlm,1,{'TIME_LIMIT': 1},300.5353260040283,0.5317055231190917,0.5317055231190917,0.46829447688090825,0.46829447688090825
10,lognormal,0.0,full,zero,1,{'TIME_LIMIT': 1},300.8566620349884,0.2618690301559251,0.2618690301559251,0.7381309698440749,0.7381309698440749
10,lognormal,0.0,none,hvhm,1,{'TIME_LIMIT': 1},300.52107191085815,0.6162992422012947,0.6162992422012947,0.38370075779870527,0.38370075779870527
10,lognormal,0.0,none,hvlm,1,{'TIME_LIMIT': 1},300.3239850997925,0.46647063563130997,0.46647063563130997,0.53352936436869,0.53352936436869
10,lognormal,0.0,none,zero,1,{'TIME_LIMIT': 1},301.6874680519104,0.06600880537928999,0.06600880537928999,0.93399119462071,0.93399119462071
10,lognormal,0.0,partial,hvhm,1,{'TIME_LIMIT': 1},300.58601999282837,0.5155093864082778,0.5155093864082778,0.4844906135917222,0.4844906135917222
10,lognormal,0.0,partial,hvlm,1,{'TIME_LIMIT': 1},300.2362148761749,0.43089345563545,0.43089345563545,0.56910654436455,0.56910654436455
10,lognormal,0.0,partial,zero,1,{'TIME_LIMIT': 1},300.3701241016388,0.15609901790795544,0.15609901790795544,0.8439009820920446,0.8439009820920446
10,lognormal,0.5,full,hvhm,1,{'TIME_LIMIT': 1},300.6067340373993,0.4397987985745938,0.4397987985745938,0.5602012014254062,0.5602012014254062
10,lognormal,0.5,full,hvlm,1,{'TIME_LIMIT': 1},300.5082359313965,0.5261329149682894,0.5261329149682894,0.47386708503171066,0.47386708503171066
10,lognormal,0.5,full,zero,1,{'TIME_LIMIT': 1},300.3453209400177,0.88,0.88,0.12000000000000002,0.12000000000000002
10,lognormal,0.5,none,hvhm,1,{'TIME_LIMIT': 1},300.7529389858246,0.561100048879285,0.561100048879285,0.438899951120715,0.438899951120715
10,lognormal,0.5,none,hvlm,1,{'TIME_LIMIT': 1},300.5618441104889,0.38361605404509214,0.38361605404509214,0.6163839459549079,0.6163839459549079
10,lognormal,0.5,none,zero,1,{'TIME_LIMIT': 1},300.4960961341858,0.40868858462385793,0.40868858462385793,0.5913114153761421,0.5913114153761421
10,lognormal,0.5,partial,hvhm,1,{'TIME_LIMIT': 1},300.347293138504,0.40882370586810435,0.40882370586810435,0.5911762941318957,0.5911762941318957
10,lognormal,0.5,partial,hvlm,1,{'TIME_LIMIT': 1},300.5133259296417,0.5117973074541116,0.5117973074541116,0.4882026925458884,0.4882026925458884
10,lognormal,0.5,partial,zero,1,{'TIME_LIMIT': 1},302.65218710899353,0.16621623813294184,0.16621623813294184,0.8337837618670582,0.8337837618670582
10,normal,-0.5,full,hvhm,1,{'TIME_LIMIT': 1},300.4853341579437,0.2629332311940942,0.2629332311940942,0.7370667688059058,0.7370667688059058
10,normal,-0.5,full,hvlm,1,{'TIME_LIMIT': 1},300.4446430206299,0.34369727261997185,0.34369727261997185,0.6563027273800282,0.6563027273800282
10,normal,-0.5,full,zero,1,{'TIME_LIMIT': 1},300.5439200401306,-0.06490796789529085,-0.06490796789529085,1.0649079678952909,1.0649079678952909
10,normal,-0.5,none,hvhm,1,{'TIME_LIMIT': 1},300.35355401039124,0.5152042666861512,0.5152042666861512,0.4847957333138488,0.4847957333138488
10,normal,-0.5,none,hvlm,1,{'TIME_LIMIT': 1},300.9200749397278,0.38103671421519225,0.38103671421519225,0.6189632857848077,0.6189632857848077
10,normal,-0.5,none,zero,1,{'TIME_LIMIT': 1},300.33555006980896,0.2089550018487265,0.2089550018487265,0.7910449981512735,0.7910449981512735
10,normal,-0.5,partial,hvhm,1,{'TIME_LIMIT': 1},300.55454993247986,0.46419549823631145,0.46419549823631145,0.5358045017636885,0.5358045017636885
10,normal,-0.5,partial,hvlm,1,{'TIME_LIMIT': 1},300.57160806655884,0.22838924110062198,0.22838924110062198,0.771610758899378,0.771610758899378
10,normal,-0.5,partial,zero,1,{'TIME_LIMIT': 1},300.5865559577942,-0.010222860639476528,-0.010222860639476528,1.0102228606394765,1.0102228606394765
10,normal,0.0,full,hvhm,1,{'TIME_LIMIT': 1},300.465754032135,0.33841680350835934,0.33841680350835934,0.6615831964916407,0.6615831964916407
10,normal,0.0,full,hvlm,1,{'TIME_LIMIT': 1},300.73494696617126,0.32327079331853703,0.32327079331853703,0.676729206681463,0.676729206681463
10,normal,0.0,full,zero,1,{'OPTIMAL': 1},292.1359751224518,0.019946008002184712,0.019946008002184712,0.9800539919978153,0.9800539919978153
10,normal,0.0,none,hvhm,1,{'TIME_LIMIT': 1},300.42938208580017,0.4592164887411534,0.4592164887411534,0.5407835112588466,0.5407835112588466
10,normal,0.0,none,hvlm,1,{'TIME_LIMIT': 1},300.54209208488464,0.40466776564290874,0.40466776564290874,0.5953322343570913,0.5953322343570913
10,normal,0.0,none,zero,1,{'TIME_LIMIT': 1},300.8135869503021,-0.8699999999999988,-0.8699999999999988,1.8699999999999988,1.8699999999999988
10,normal,0.0,partial,hvhm,1,{'TIME_LIMIT': 1},300.4952321052551,0.45692963280395693,0.45692963280395693,0.5430703671960431,0.5430703671960431
10,normal,0.0,partial,hvlm,1,{'TIME_LIMIT': 1},300.6856110095978,0.2025146781962629,0.2025146781962629,0.7974853218037371,0.7974853218037371
10,normal,0.0,partial,zero,1,{'TIME_LIMIT': 1},300.48853611946106,0.26262858449206095,0.26262858449206095,0.737371415507939,0.737371415507939
10,normal,0.5,full,hvhm,1,{'TIME_LIMIT': 1},300.5319719314575,0.4583292739855199,0.4583292739855199,0.5416707260144801,0.5416707260144801
10,normal,0.5,full,hvlm,1,{'TIME_LIMIT': 1},300.54710698127747,0.3040006897677011,0.3040006897677011,0.6959993102322989,0.6959993102322989
10,normal,0.5,full,zero,1,{'TIME_LIMIT': 1},300.6939630508423,0.047405839761279656,0.047405839761279656,0.9525941602387203,0.9525941602387203
10,normal,0.5,none,hvhm,1,{'TIME_LIMIT': 1},300.3588979244232,0.32205138982004444,0.32205138982004444,0.6779486101799556,0.6779486101799556
10,normal,0.5,none,hvlm,1,{'TIME_LIMIT': 1},300.47258400917053,0.26993257051245034,0.26993257051245034,0.7300674294875497,0.7300674294875497
10,normal,0.5,none,zero,1,{'TIME_LIMIT': 1},300.58947801589966,0.0917504492515101,0.0917504492515101,0.9082495507484899,0.9082495507484899
10,normal,0.5,partial,hvhm,1,{'TIME_LIMIT': 1},300.6044180393219,0.34856773850851164,0.34856773850851164,0.6514322614914884,0.6514322614914884
10,normal,0.5,partial,hvlm,1,{'TIME_LIMIT': 1},300.45525002479553,0.40124189902652374,0.40124189902652374,0.5987581009734763,0.5987581009734763
10,normal,0.5,partial,zero,1,{'TIME_LIMIT': 1},300.8025019168854,0.046876709147354645,0.046876709147354645,0.9531232908526454,0.9531232908526454
10,uniform,-0.5,full,hvhm,1,{'TIME_LIMIT': 1},300.56984782218933,0.36082018950268413,0.36082018950268413,0.6391798104973159,0.6391798104973159
10,uniform,-0.5,full,hvlm,1,{'TIME_LIMIT': 1},300.60884499549866,0.4206406158531236,0.4206406158531236,0.5793593841468764,0.5793593841468764
10,uniform,-0.5,full,zero,1,{'TIME_LIMIT': 1},300.46296215057373,0.20174910553578884,0.20174910553578884,0.7982508944642112,0.7982508944642112
10,uniform,-0.5,none,hvhm,1,{'TIME_LIMIT': 1},300.5030529499054,0.5034183789893079,0.5034183789893079,0.4965816210106922,0.4965816210106922
10,uniform,-0.5,none,hvlm,1,{'TIME_LIMIT': 1},300.7138350009918,0.4755850560211884,0.4755850560211884,0.5244149439788116,0.5244149439788116
10,uniform,-0.5,none,zero,1,{'TIME_LIMIT': 1},300.7198941707611,0.3415521871448386,0.3415521871448386,0.6584478128551614,0.6584478128551614
10,uniform,-0.5,partial,hvhm,1,{'TIME_LIMIT': 1},301.92742395401,0.4198910822494013,0.4198910822494013,0.5801089177505987,0.5801089177505987
10,uniform,-0.5,partial,hvlm,1,{'TIME_LIMIT': 1},300.47222685813904,0.3448940857190207,0.3448940857190207,0.6551059142809793,0.6551059142809793
10,uniform,-0.5,partial,zero,1,{'TIME_LIMIT': 1},300.5666780471802,-0.26426054049889847,-0.26426054049889847,1.2642605404988985,1.2642605404988985
10,uniform,0.0,full,hvhm,1,{'TIME_LIMIT': 1},300.51462483406067,0.4502689251884804,0.4502689251884804,0.5497310748115196,0.5497310748115196
10,uniform,0.0,full,hvlm,1,{'TIME_LIMIT': 1},300.37642192840576,0.5498109921436194,0.5498109921436194,0.45018900785638055,0.45018900785638055
10,uniform,0.0,full,zero,1,{'TIME_LIMIT': 1},300.6556398868561,0.026686690281241376,0.026686690281241376,0.9733133097187586,0.9733133097187586
10,uniform,0.0,none,hvhm,1,{'TIME_LIMIT': 1},300.5129668712616,0.6682348192378929,0.6682348192378929,0.3317651807621071,0.3317651807621071
10,uniform,0.0,none,hvlm,1,{'TIME_LIMIT': 1},300.64722204208374,0.5636986421296355,0.5636986421296355,0.4363013578703645,0.4363013578703645
10,uniform,0.0,none,zero,1,{'TIME_LIMIT': 1},300.508309841156,0.46212140983025063,0.46212140983025063,0.5378785901697494,0.5378785901697494
10,uniform,0.0,partial,hvhm,1,{'TIME_LIMIT': 1},300.4060070514679,0.3132326707906389,0.3132326707906389,0.6867673292093611,0.6867673292093611
10,uniform,0.0,partial,hvlm,1,{'TIME_LIMIT': 1},300.33991503715515,0.45266932600363263,0.45266932600363263,0.5473306739963674,0.5473306739963674
10,uniform,0.0,partial,zero,1,{'TIME_LIMIT': 1},300.64334201812744,0.047618471045610344,0.047618471045610344,0.9523815289543897,0.9523815289543897
10,uniform,0.5,full,hvhm,1,{'TIME_LIMIT': 1},300.2429530620575,0.4291939066338122,0.4291939066338122,0.5708060933661878,0.5708060933661878
10,uniform,0.5,full,hvlm,1,{'TIME_LIMIT': 1},301.19516682624817,0.483131826583184,0.483131826583184,0.516868173416816,0.516868173416816
10,uniform,0.5,full,zero,1,{'TIME_LIMIT': 1},300.38698410987854,0.09910744720812192,0.09910744720812192,0.9008925527918781,0.9008925527918781
10,uniform,0.5,none,hvhm,1,{'TIME_LIMIT': 1},300.65219712257385,0.5422541697540787,0.5422541697540787,0.4577458302459213,0.4577458302459213
10,uniform,0.5,none,hvlm,1,{'TIME_LIMIT': 1},300.78265404701233,-0.8200000000000067,-0.8200000000000067,1.8200000000000067,1.8200000000000067
10,uniform,0.5,none,zero,1,{'TIME_LIMIT': 1},300.4830379486084,0.2941922756283055,0.2941922756283055,0.7058077243716945,0.7058077243716945
10,uniform,0.5,partial,hvhm,1,{'TIME_LIMIT': 1},300.5205409526825,0.41836697966358805,0.41836697966358805,0.581633020336412,0.581633020336412
10,uniform,0.5,partial,hvlm,1,{'TIME_LIMIT': 1},300.77959990501404,0.2861557733211918,0.2861557733211918,0.7138442266788082,0.7138442266788082
10,uniform,0.5,partial,zero,1,{'TIME_LIMIT': 1},300.5896329879761,-0.5400000000000036,-0.5400000000000036,1.5400000000000036,1.5400000000000036
