bundle_id,bundle_binary,bundle_size,selected_segment_count,selected_customer_weight,avg_price,instance_count,customer_share,cumulative_customer_share
1023,1111111111,10,51,0.028199,2.370608,38,0.028199,0.028199
1021,1111111101,9,29,0.017500,2.289222,25,0.017500,0.045700
991,1111011111,9,29,0.016917,2.317605,23,0.016917,0.062617
1015,1111110111,9,34,0.015488,2.294323,30,0.015488,0.078105
767,1011111111,9,24,0.014534,2.295901,21,0.014534,0.092639
959,1110111111,9,27,0.014364,2.289313,22,0.014364,0.107003
895,1101111111,9,28,0.013612,2.266014,26,0.013612,0.120615
1022,1111111110,9,23,0.013511,2.282985,21,0.013511,0.134126
1007,1111101111,9,22,0.013386,2.301917,20,0.013386,0.147512
511,0111111111,9,24,0.012224,2.300369,24,0.012224,0.159736
955,1110111011,8,18,0.009512,2.205944,17,0.009512,0.169248
1019,1111111011,9,20,0.009265,2.289254,15,0.009265,0.178513
894,1101111110,8,13,0.008571,2.163135,13,0.008571,0.187084
1003,1111101011,8,15,0.008475,2.181005,13,0.008475,0.195559
887,1101110111,8,13,0.008184,2.187695,12,0.008184,0.203743
703,1010111111,8,13,0.008029,2.233387,13,0.008029,0.211772
1013,1111110101,8,12,0.007632,2.221593,12,0.007632,0.219405
1014,1111110110,8,13,0.007477,2.192278,12,0.007477,0.226881
879,1101101111,8,12,0.007268,2.239537,11,0.007268,0.234149
927,1110011111,8,13,0.007247,2.180444,13,0.007247,0.241396
479,0111011111,8,14,0.006900,2.189988,12,0.006900,0.248296
751,1011101111,8,14,0.006888,2.197852,13,0.006888,0.255184
957,1110111101,8,13,0.006869,2.194840,12,0.006869,0.262052
507,0111111011,8,10,0.006784,2.175877,10,0.006784,0.268836
943,1110101111,8,10,0.006634,2.230262,10,0.006634,0.275471
763,1011111011,8,9,0.006136,2.208880,8,0.006136,0.281607
447,0110111111,8,11,0.005974,2.146712,11,0.005974,0.287580
509,0111111101,8,9,0.005895,2.190033,9,0.005895,0.293475
1020,1111111100,8,13,0.005815,2.183177,13,0.005815,0.299290
1010,1111110010,7,9,0.005813,2.115127,9,0.005813,0.305103
639,1001111111,8,11,0.005780,2.223023,11,0.005780,0.310883
765,1011111101,8,11,0.005742,2.215184,11,0.005742,0.316625
1018,1111111010,8,9,0.005635,2.145874,9,0.005635,0.322260
735,1011011111,8,9,0.005537,2.239759,8,0.005537,0.327797
1011,1111110011,8,10,0.005373,2.157446,10,0.005373,0.333169
510,0111111110,8,9,0.004977,2.170907,9,0.004977,0.338146
506,0111111010,7,7,0.004864,2.055422,7,0.004864,0.343010
759,1011110111,8,11,0.004725,2.154483,10,0.004725,0.347735
255,0011111111,8,10,0.004697,2.245130,8,0.004697,0.352432
505,0111111001,7,8,0.004688,2.013562,8,0.004688,0.357120
503,0111110111,8,10,0.004680,2.155100,10,0.004680,0.361800
495,0111101111,8,8,0.004579,2.126338,6,0.004579,0.366379
925,1110011101,7,8,0.004569,2.170830,7,0.004569,0.370948
383,0101111111,8,9,0.004565,2.163325,9,0.004565,0.375513
766,1011111110,8,8,0.004382,2.169900,8,0.004382,0.379895
983,1111010111,8,9,0.004255,2.200370,9,0.004255,0.384150
831,1100111111,8,6,0.004222,2.151200,6,0.004222,0.388372
990,1111011110,8,6,0.004185,2.183809,6,0.004185,0.392556
958,1110111110,8,7,0.004185,2.211693,7,0.004185,0.396741
246,0011110110,6,6,0.004083,1.978983,6,0.004083,0.400824
999,1111100111,8,8,0.003995,2.250001,8,0.003995,0.404819
974,1111001110,7,9,0.003966,2.020093,9,0.003966,0.408785
971,1111001011,7,8,0.003961,2.080004,8,0.003961,0.412746
1002,1111101010,7,7,0.003943,2.136621,7,0.003943,0.416689
975,1111001111,8,7,0.003910,2.177695,7,0.003910,0.420598
863,1101011111,8,9,0.003858,2.144154,8,0.003858,0.424457
671,1010011111,7,8,0.003851,2.134018,8,0.003851,0.428308
501,0111110101,7,5,0.003814,2.080819,5,0.003814,0.432122
987,1111011011,8,11,0.003733,2.191586,11,0.003733,0.435855
989,1111011101,8,8,0.003717,2.244850,8,0.003717,0.439572
1005,1111101101,8,6,0.003624,2.145072,6,0.003624,0.443196
985,1111011001,7,5,0.003510,2.119467,5,0.003510,0.446706
1017,1111111001,8,9,0.003496,2.173964,9,0.003496,0.450202
891,1101111011,8,9,0.003454,2.138594,9,0.003454,0.453656
382,0101111110,7,7,0.003382,2.107911,7,0.003382,0.457038
223,0011011111,7,6,0.003293,2.077207,5,0.003293,0.460331
502,0111110110,7,6,0.003269,2.077408,6,0.003269,0.463599
1001,1111101001,7,7,0.003258,2.082914,7,0.003258,0.466858
973,1111001101,7,6,0.003235,2.000611,5,0.003235,0.470093
687,1010101111,7,7,0.003211,2.092659,7,0.003211,0.473304
637,1001111101,7,6,0.003091,2.056488,6,0.003091,0.476395
757,1011110101,7,4,0.003072,2.106939,4,0.003072,0.479467
951,1110110111,8,8,0.003056,2.168038,8,0.003056,0.482523
893,1101111101,8,7,0.003041,2.234528,7,0.003041,0.485563
764,1011111100,7,6,0.003027,2.014258,5,0.003027,0.488590
508,0111111100,7,5,0.002993,2.090308,5,0.002993,0.491583
319,0100111111,7,6,0.002974,2.044247,6,0.002974,0.494557
762,1011111010,7,8,0.002935,2.077257,7,0.002935,0.497492
998,1111100110,7,5,0.002932,2.136665,5,0.002932,0.500424
350,0101011110,6,4,0.002796,1.967620,4,0.002796,0.503220
475,0111011011,7,8,0.002789,2.058598,8,0.002789,0.506009
823,1100110111,7,5,0.002775,2.094096,5,0.002775,0.508784
380,0101111100,6,4,0.002734,1.882343,4,0.002734,0.511518
899,1110000011,5,3,0.002731,1.699500,3,0.002731,0.514249
373,0101110101,6,5,0.002700,1.921718,5,0.002700,0.516949
947,1110110011,7,5,0.002632,2.082530,5,0.002632,0.519581
815,1100101111,7,6,0.002628,2.089206,6,0.002628,0.522209
567,1000110111,6,4,0.002614,1.952939,4,0.002614,0.524823
1012,1111110100,7,4,0.002607,2.119648,4,0.002607,0.527430
847,1101001111,7,4,0.002601,2.000103,4,0.002601,0.530031
885,1101110101,7,6,0.002599,2.111575,6,0.002599,0.532630
862,1101011110,7,5,0.002533,2.089307,5,0.002533,0.535163
379,0101111011,7,4,0.002529,2.127225,4,0.002529,0.537693
445,0110111101,7,4,0.002526,2.159969,4,0.002526,0.540218
979,1111010011,7,6,0.002496,2.094838,6,0.002496,0.542714
251,0011111011,7,5,0.002483,2.045367,5,0.002483,0.545197
389,0110000101,4,3,0.002467,1.576248,3,0.002467,0.547664
1006,1111101110,8,6,0.002464,2.226635,6,0.002464,0.550128
607,1001011111,7,4,0.002427,2.165471,4,0.002427,0.552555
827,1100111011,7,3,0.002425,1.975827,3,0.002425,0.554980
1004,1111101100,7,5,0.002422,2.061688,5,0.002422,0.557401
253,0011111101,7,5,0.002414,1.977485,5,0.002414,0.559815
239,0011101111,7,7,0.002399,2.037782,7,0.002399,0.562214
127,0001111111,7,6,0.002381,2.044425,6,0.002381,0.564595
797,1100011101,6,4,0.002379,2.008784,4,0.002379,0.566974
363,0101101011,6,4,0.002369,1.859042,4,0.002369,0.569342
924,1110011100,6,3,0.002328,1.836419,3,0.002328,0.571670
953,1110111001,7,6,0.002301,2.109434,5,0.002301,0.573972
965,1111000101,6,3,0.002284,1.919223,3,0.002284,0.576256
752,1011110000,5,5,0.002278,1.757459,4,0.002278,0.578534
439,0110110111,7,3,0.002269,2.161465,3,0.002269,0.580804
155,0010011011,5,4,0.002269,1.704853,4,0.002269,0.583072
428,0110101100,5,3,0.002268,1.825912,3,0.002268,0.585341
493,0111101101,7,5,0.002261,2.071605,5,0.002261,0.587602
1009,1111110001,7,3,0.002194,2.064825,3,0.002194,0.589795
729,1011011001,6,4,0.002176,2.022357,4,0.002176,0.591971
848,1101010000,4,4,0.002168,1.625067,4,0.002168,0.594139
875,1101101011,7,5,0.002159,2.128333,5,0.002159,0.596298
743,1011100111,7,3,0.002115,2.149529,3,0.002115,0.598413
939,1110101011,7,4,0.002087,2.103118,4,0.002087,0.600500
673,1010100001,4,5,0.002065,1.553471,4,0.002065,0.602565
606,1001011110,6,4,0.002062,1.936003,4,0.002062,0.604628
1016,1111111000,7,3,0.002058,1.988776,3,0.002058,0.606686
247,0011110111,7,3,0.002053,2.175375,3,0.002053,0.608738
726,1011010110,6,3,0.002041,1.903749,3,0.002041,0.610779
375,0101110111,7,3,0.002020,2.151788,3,0.002020,0.612799
954,1110111010,7,5,0.002016,2.083697,5,0.002016,0.614815
799,1100011111,7,5,0.001989,2.083063,5,0.001989,0.616804
923,1110011011,7,4,0.001984,2.080172,2,0.001984,0.618788
431,0110101111,7,4,0.001983,2.014755,4,0.001983,0.620771
853,1101010101,6,3,0.001977,1.991758,3,0.001977,0.622748
941,1110101101,7,4,0.001965,2.053602,4,0.001965,0.624713
559,1000101111,6,4,0.001911,2.019698,4,0.001911,0.626624
440,0110111000,5,2,0.001910,1.806359,2,0.001910,0.628534
982,1111010110,7,5,0.001908,2.080370,5,0.001908,0.630442
629,1001110101,6,3,0.001848,1.934553,3,0.001848,0.632290
227,0011100011,5,4,0.001847,1.783700,4,0.001847,0.634137
830,1100111110,7,4,0.001843,2.024878,4,0.001843,0.635980
57,0000111001,4,4,0.001839,1.605050,4,0.001839,0.637819
825,1100111001,6,4,0.001829,1.936759,4,0.001829,0.639648
627,1001110011,6,2,0.001828,1.856210,2,0.001828,0.641476
730,1011011010,6,3,0.001827,1.926129,3,0.001827,0.643303
755,1011110011,7,5,0.001815,2.090587,5,0.001815,0.645118
864,1101100000,4,2,0.001815,1.605958,2,0.001815,0.646933
189,0010111101,6,3,0.001808,1.883109,3,0.001808,0.648741
231,0011100111,6,4,0.001807,1.938197,4,0.001807,0.650548
345,0101011001,5,1,0.001798,1.735820,1,0.001798,0.652346
488,0111101000,5,3,0.001782,1.682787,3,0.001782,0.654129
423,0110100111,6,4,0.001781,1.957868,4,0.001781,0.655909
446,0110111110,7,3,0.001774,1.936706,3,0.001774,0.657684
901,1110000101,5,4,0.001763,1.759392,4,0.001763,0.659447
52,0000110100,3,2,0.001757,1.412617,2,0.001757,0.661204
855,1101010111,7,3,0.001735,2.108935,3,0.001735,0.662939
890,1101111010,7,4,0.001714,2.046287,4,0.001714,0.664653
727,1011010111,7,4,0.001706,2.068165,4,0.001706,0.666359
205,0011001101,5,2,0.001690,1.702708,2,0.001690,0.668049
432,0110110000,4,2,0.001685,1.512689,2,0.001685,0.669735
746,1011101010,6,2,0.001678,1.835974,2,0.001678,0.671412
892,1101111100,7,4,0.001668,2.102030,4,0.001668,0.673081
988,1111011100,7,3,0.001658,2.111476,3,0.001658,0.674739
731,1011011011,7,4,0.001641,2.063962,4,0.001641,0.676380
666,1010011010,5,2,0.001638,1.711743,2,0.001638,0.678018
346,0101011010,5,2,0.001632,1.696645,2,0.001632,0.679651
817,1100110001,5,2,0.001624,1.710828,2,0.001624,0.681275
995,1111100011,7,2,0.001623,2.102666,2,0.001623,0.682897
377,0101111001,6,2,0.001604,1.922514,2,0.001604,0.684502
633,1001111001,6,2,0.001604,1.942266,2,0.001604,0.686106
562,1000110010,4,2,0.001600,1.646446,2,0.001600,0.687707
883,1101110011,7,3,0.001598,2.040739,3,0.001598,0.689305
256,0100000000,1,3,0.001595,0.827838,3,0.001595,0.690900
877,1101101101,7,4,0.001595,2.100839,4,0.001595,0.692495
733,1011011101,7,3,0.001595,2.013434,2,0.001595,0.694089
839,1101000111,6,2,0.001590,2.053203,2,0.001590,0.695679
777,1100001001,4,2,0.001563,1.518830,2,0.001563,0.697242
430,0110101110,6,2,0.001558,1.971285,2,0.001558,0.698800
612,1001100100,4,2,0.001554,1.585269,2,0.001554,0.700354
399,0110001111,6,3,0.001553,1.951701,3,0.001553,0.701907
691,1010110011,6,2,0.001551,1.958856,2,0.001551,0.703459
854,1101010110,6,4,0.001538,1.904627,4,0.001538,0.704997
351,0101011111,7,2,0.001534,2.051179,2,0.001534,0.706532
833,1101000001,4,3,0.001515,1.549421,2,0.001515,0.708046
938,1110101010,6,3,0.001513,1.950544,3,0.001513,0.709559
969,1111001001,6,2,0.001503,1.905362,2,0.001503,0.711062
364,0101101100,5,3,0.001497,1.687258,3,0.001497,0.712559
915,1110010011,6,2,0.001473,2.020892,2,0.001473,0.714032
487,0111100111,7,4,0.001470,2.074543,4,0.001470,0.715502
250,0011111010,6,3,0.001431,1.873456,3,0.001431,0.716933
719,1011001111,7,3,0.001430,2.151116,3,0.001430,0.718363
518,1000000110,3,3,0.001426,1.411584,3,0.001426,0.719789
38,0000100110,3,2,0.001421,1.281640,2,0.001421,0.721210
148,0010010100,3,3,0.001407,1.394843,3,0.001407,0.722617
842,1101001010,5,2,0.001403,1.712981,2,0.001403,0.724020
266,0100001010,3,2,0.001399,1.264966,2,0.001399,0.725419
911,1110001111,7,2,0.001398,2.050419,2,0.001398,0.726817
340,0101010100,4,2,0.001397,1.586672,2,0.001397,0.728214
949,1110110101,7,3,0.001389,2.053619,2,0.001389,0.729603
685,1010101101,6,2,0.001389,2.009300,2,0.001389,0.730992
857,1101011001,6,2,0.001388,1.979175,2,0.001388,0.732380
922,1110011010,6,3,0.001380,1.933264,3,0.001380,0.733760
577,1001000001,3,3,0.001374,1.439129,3,0.001374,0.735134
188,0010111100,5,3,0.001368,1.789002,3,0.001368,0.736502
486,0111100110,6,3,0.001363,1.983585,3,0.001363,0.737865
679,1010100111,6,2,0.001356,1.898405,2,0.001356,0.739221
504,0111111000,6,2,0.001356,1.833973,2,0.001356,0.740576
243,0011110011,6,2,0.001344,1.835967,2,0.001344,0.741921
884,1101110100,6,2,0.001335,1.862781,2,0.001335,0.743255
494,0111101110,7,3,0.001306,2.000205,3,0.001306,0.744561
821,1100110101,6,2,0.001305,1.865121,2,0.001305,0.745866
896,1110000000,3,3,0.001292,1.461725,3,0.001292,0.747158
187,0010111011,6,2,0.001282,1.928156,2,0.001282,0.748440
663,1010010111,6,2,0.001281,1.851313,2,0.001281,0.749721
654,1010001110,5,2,0.001277,1.784650,2,0.001277,0.750998
235,0011101011,6,2,0.001277,1.952335,2,0.001277,0.752275
220,0011011100,5,2,0.001274,1.696419,2,0.001274,0.753549
594,1001010010,4,2,0.001259,1.425078,2,0.001259,0.754808
626,1001110010,5,3,0.001259,1.770267,3,0.001259,0.756068
123,0001111011,6,2,0.001253,1.929443,2,0.001253,0.757320
335,0101001111,6,3,0.001252,1.897197,3,0.001252,0.758573
698,1010111010,6,3,0.001233,1.837888,3,0.001233,0.759805
841,1101001001,5,1,0.001231,1.794758,1,0.001231,0.761036
463,0111001111,7,3,0.001231,2.028319,3,0.001231,0.762267
287,0100011111,6,2,0.001225,1.890292,2,0.001225,0.763492
341,0101010101,5,5,0.001225,1.852196,5,0.001225,0.764717
369,0101110001,5,2,0.001221,1.754702,2,0.001221,0.765938
343,0101010111,6,2,0.001220,2.053310,2,0.001220,0.767158
349,0101011101,6,2,0.001217,1.822481,2,0.001217,0.768375
557,1000101101,5,3,0.001217,1.649039,2,0.001217,0.769592
986,1111011010,7,3,0.001208,2.026712,3,0.001208,0.770800
996,1111100100,6,2,0.001204,1.995733,2,0.001204,0.772004
697,1010111001,6,1,0.001195,2.119072,1,0.001195,0.773199
258,0100000010,2,2,0.001193,1.094912,2,0.001193,0.774392
937,1110101001,6,2,0.001192,1.995397,2,0.001192,0.775584
315,0100111011,6,2,0.001192,1.904842,2,0.001192,0.776776
669,1010011101,6,2,0.001181,1.830066,2,0.001181,0.777957
802,1100100010,4,2,0.001157,1.621587,2,0.001157,0.779114
365,0101101101,6,1,0.001146,1.874651,1,0.001146,0.780260
747,1011101011,7,2,0.001137,2.066571,2,0.001137,0.781397
213,0011010101,5,2,0.001136,1.698080,2,0.001136,0.782533
783,1100001111,6,2,0.001132,1.919149,2,0.001132,0.783665
635,1001111011,7,4,0.001128,2.093624,4,0.001128,0.784793
878,1101101110,7,3,0.001126,2.107861,3,0.001126,0.785919
866,1101100010,5,1,0.001121,1.615480,1,0.001121,0.787040
474,0111011010,6,2,0.001114,1.966534,2,0.001114,0.788154
224,0011100000,3,2,0.001108,1.377206,2,0.001108,0.789262
873,1101101001,6,2,0.001105,1.905701,2,0.001105,0.790367
694,1010110110,6,2,0.001104,1.853134,2,0.001104,0.791471
270,0100001110,4,2,0.001102,1.562631,2,0.001102,0.792574
811,1100101011,6,2,0.001094,1.809624,2,0.001094,0.793668
490,0111101010,6,4,0.001093,1.887434,4,0.001093,0.794760
271,0100001111,5,3,0.001091,1.741714,3,0.001091,0.795851
449,0111000001,4,1,0.001082,1.529104,1,0.001082,0.796933
689,1010110001,5,4,0.001080,1.733693,4,0.001080,0.798013
844,1101001100,5,2,0.001073,1.750578,2,0.001073,0.799086
655,1010001111,6,2,0.001070,1.901345,2,0.001070,0.800156
886,1101110110,7,2,0.001043,2.052028,2,0.001043,0.801199
903,1110000111,6,3,0.001041,1.966055,3,0.001041,0.802240
1000,1111101000,6,1,0.001034,1.907471,1,0.001034,0.803274
742,1011100110,6,2,0.001031,1.873900,2,0.001031,0.804305
221,0011011101,6,2,0.001026,1.888127,2,0.001026,0.805330
917,1110010101,6,2,0.001025,1.878369,2,0.001025,0.806355
226,0011100010,4,2,0.001024,1.572136,2,0.001024,0.807379
876,1101101100,6,2,0.001013,1.997863,2,0.001013,0.808392
920,1110011000,5,1,0.001011,1.631054,1,0.001011,0.809403
67,0001000011,3,3,0.001007,1.289140,3,0.001007,0.810410
91,0001011011,5,1,0.000999,1.780969,1,0.000999,0.811409
96,0001100000,2,1,0.000996,1.144057,1,0.000996,0.812405
888,1101111000,6,2,0.000996,2.010188,2,0.000996,0.813401
331,0101001011,5,2,0.000994,1.706829,2,0.000994,0.814394
458,0111001010,5,1,0.000993,1.814261,1,0.000993,0.815387
571,1000111011,6,2,0.000980,2.078145,2,0.000980,0.816367
615,1001100111,6,1,0.000977,1.879354,1,0.000977,0.817344
683,1010101011,6,3,0.000974,2.042822,3,0.000974,0.818318
360,0101101000,4,1,0.000973,1.454140,1,0.000973,0.819291
717,1011001101,6,1,0.000970,2.113462,1,0.000970,0.820261
353,0101100001,4,2,0.000969,1.614637,2,0.000969,0.821230
760,1011111000,6,1,0.000966,1.984328,1,0.000966,0.822196
83,0001010011,4,2,0.000965,1.689884,2,0.000965,0.823161
499,0111110011,7,3,0.000962,1.964554,3,0.000962,0.824123
407,0110010111,6,2,0.000961,1.887284,2,0.000961,0.825085
69,0001000101,3,2,0.000961,1.366581,2,0.000961,0.826046
737,1011100001,5,1,0.000958,1.815849,1,0.000958,0.827004
114,0001110010,4,1,0.000956,1.517783,1,0.000956,0.827960
614,1001100110,5,2,0.000942,1.685952,2,0.000942,0.828902
638,1001111110,7,3,0.000941,2.105054,3,0.000941,0.829843
414,0110011110,6,2,0.000939,1.960986,2,0.000939,0.830782
244,0011110100,5,1,0.000938,1.562602,1,0.000938,0.831720
539,1000011011,5,2,0.000936,1.776456,2,0.000936,0.832656
749,1011101101,7,3,0.000936,2.029008,3,0.000936,0.833592
699,1010111011,7,2,0.000935,2.109668,2,0.000935,0.834526
754,1011110010,6,2,0.000934,1.873804,2,0.000934,0.835461
808,1100101000,4,2,0.000934,1.533608,2,0.000934,0.836395
150,0010010110,4,3,0.000932,1.573041,3,0.000932,0.837327
829,1100111101,7,3,0.000931,2.022935,3,0.000931,0.838258
913,1110010001,5,1,0.000930,1.660332,1,0.000930,0.839188
381,0101111101,7,4,0.000930,1.996549,4,0.000930,0.840118
715,1011001011,6,1,0.000928,2.157308,1,0.000928,0.841046
76,0001001100,3,3,0.000922,1.364868,3,0.000922,0.841968
734,1011011110,7,2,0.000922,2.187477,2,0.000922,0.842889
950,1110110110,7,1,0.000921,2.051543,1,0.000921,0.843811
60,0000111100,4,2,0.000920,1.609040,2,0.000920,0.844731
617,1001101001,5,3,0.000915,1.833039,3,0.000915,0.845646
254,0011111110,7,2,0.000912,2.050045,2,0.000912,0.846558
789,1100010101,5,1,0.000903,1.816153,1,0.000903,0.847460
438,0110110110,6,1,0.000901,1.914588,1,0.000901,0.848361
906,1110001010,5,1,0.000898,1.687857,1,0.000898,0.849259
684,1010101100,5,1,0.000894,1.788613,1,0.000894,0.850154
575,1000111111,7,1,0.000893,2.282598,1,0.000893,0.851047
934,1110100110,6,3,0.000892,1.950179,3,0.000892,0.851939
4,0000000100,1,1,0.000892,0.882232,1,0.000892,0.852831
828,1100111100,6,2,0.000887,2.027272,2,0.000887,0.853718
492,0111101100,6,1,0.000886,1.990154,1,0.000886,0.854604
812,1100101100,5,1,0.000886,1.767219,1,0.000886,0.855490
421,0110100101,5,1,0.000882,1.806803,1,0.000882,0.856372
910,1110001110,6,2,0.000880,1.922324,1,0.000880,0.857252
788,1100010100,4,1,0.000879,1.697201,1,0.000879,0.858131
740,1011100100,5,1,0.000877,1.971251,1,0.000877,0.859007
761,1011111001,7,4,0.000876,2.045089,4,0.000876,0.859884
387,0110000011,4,1,0.000862,1.565146,1,0.000862,0.860746
881,1101110001,6,2,0.000857,1.988292,2,0.000857,0.861603
651,1010001011,5,1,0.000856,1.776932,1,0.000856,0.862458
299,0100101011,5,1,0.000852,1.838073,1,0.000852,0.863310
630,1001110110,6,3,0.000849,1.888347,3,0.000849,0.864159
436,0110110100,5,2,0.000842,1.581664,1,0.000842,0.865001
276,0100010100,3,1,0.000841,1.389002,1,0.000841,0.865842
723,1011010011,6,1,0.000837,1.899925,1,0.000837,0.866679
282,0100011010,4,1,0.000837,1.471061,1,0.000837,0.867516
357,0101100101,5,1,0.000832,1.872136,1,0.000832,0.868348
966,1111000110,6,1,0.000831,1.950502,1,0.000831,0.869179
872,1101101000,5,1,0.000829,1.691808,1,0.000829,0.870008
478,0111011110,7,1,0.000826,2.113366,1,0.000826,0.870834
732,1011011100,6,3,0.000823,1.903973,3,0.000823,0.871657
690,1010110010,5,1,0.000819,1.905927,1,0.000819,0.872477
861,1101011101,7,3,0.000819,2.001463,3,0.000819,0.873296
942,1110101110,7,4,0.000817,2.016248,3,0.000817,0.874113
956,1110111100,7,2,0.000817,2.156903,2,0.000817,0.874930
970,1111001010,6,1,0.000814,1.967266,1,0.000814,0.875744
31,0000011111,5,3,0.000811,1.844073,3,0.000811,0.876555
609,1001100001,4,1,0.000806,1.567801,1,0.000806,0.877362
611,1001100011,5,1,0.000805,1.726088,1,0.000805,0.878166
374,0101110110,6,2,0.000802,1.926231,2,0.000802,0.878969
238,0011101110,6,1,0.000800,2.113935,1,0.000800,0.879769
295,0100100111,5,2,0.000798,1.679198,2,0.000798,0.880567
653,1010001101,5,1,0.000796,1.697138,1,0.000796,0.881363
867,1101100011,6,1,0.000792,2.137399,1,0.000792,0.882155
368,0101110000,4,2,0.000791,1.555741,2,0.000791,0.882946
978,1111010010,6,1,0.000786,1.898042,1,0.000786,0.883733
312,0100111000,4,1,0.000785,1.614925,1,0.000785,0.884518
782,1100001110,5,1,0.000781,1.716730,1,0.000781,0.885299
342,0101010110,5,1,0.000781,1.879794,1,0.000781,0.886079
900,1110000100,4,2,0.000776,1.581300,2,0.000776,0.886856
537,1000011001,4,1,0.000775,1.624095,1,0.000775,0.887630
118,0001110110,5,2,0.000774,1.829147,2,0.000774,0.888404
779,1100001011,5,1,0.000760,1.697593,1,0.000760,0.889164
283,0100011011,5,1,0.000756,1.753740,1,0.000756,0.889920
409,0110011001,5,1,0.000752,1.785822,1,0.000752,0.890673
411,0110011011,6,1,0.000748,1.973567,1,0.000748,0.891420
750,1011101110,7,2,0.000746,2.195382,2,0.000746,0.892166
427,0110101011,6,1,0.000746,1.746671,1,0.000746,0.892912
181,0010110101,5,2,0.000745,1.741231,2,0.000745,0.893657
967,1111000111,7,1,0.000743,1.999063,1,0.000743,0.894401
40,0000101000,2,1,0.000735,1.073098,1,0.000735,0.895136
865,1101100001,5,1,0.000731,1.661790,1,0.000731,0.895867
171,0010101011,5,2,0.000731,1.621429,2,0.000731,0.896598
18,0000010010,2,1,0.000730,0.987102,1,0.000730,0.897328
931,1110100011,6,2,0.000725,1.867898,2,0.000725,0.898052
77,0001001101,4,1,0.000724,1.738388,1,0.000724,0.898776
296,0100101000,3,1,0.000722,1.350054,1,0.000722,0.899499
86,0001010110,4,1,0.000722,1.532724,1,0.000722,0.900221
807,1100100111,6,1,0.000721,1.814277,1,0.000721,0.900942
441,0110111001,6,1,0.000720,1.925047,1,0.000720,0.901661
961,1111000001,5,2,0.000717,1.666249,1,0.000717,0.902379
476,0111011100,6,1,0.000714,2.000477,1,0.000714,0.903093
929,1110100001,5,1,0.000714,1.609842,1,0.000714,0.903807
601,1001011001,5,1,0.000714,1.622132,1,0.000714,0.904521
902,1110000110,5,2,0.000709,1.763956,2,0.000709,0.905230
108,0001101100,4,1,0.000709,1.502227,1,0.000709,0.905940
790,1100010110,5,1,0.000709,1.800988,1,0.000709,0.906649
869,1101100101,6,1,0.000705,1.974742,1,0.000705,0.907354
165,0010100101,4,1,0.000701,1.440106,1,0.000701,0.908056
930,1110100010,5,1,0.000700,1.679129,1,0.000700,0.908755
99,0001100011,4,1,0.000696,1.599836,1,0.000696,0.909451
758,1011110110,7,3,0.000695,2.103564,3,0.000695,0.910145
804,1100100100,4,1,0.000691,1.624602,1,0.000691,0.910836
722,1011010010,5,2,0.000691,1.778882,2,0.000691,0.911527
47,0000101111,5,1,0.000685,1.832221,1,0.000685,0.912212
980,1111010100,6,1,0.000684,1.962788,1,0.000684,0.912895
307,0100110011,5,1,0.000679,1.857456,1,0.000679,0.913574
625,1001110001,5,2,0.000676,1.657239,2,0.000676,0.914250
215,0011010111,6,1,0.000671,1.973338,1,0.000671,0.914921
496,0111110000,5,1,0.000669,1.821655,1,0.000669,0.915590
551,1000100111,5,1,0.000668,1.910169,1,0.000668,0.916258
111,0001101111,6,2,0.000667,1.965533,2,0.000667,0.916925
367,0101101111,7,1,0.000665,2.011318,1,0.000665,0.917590
544,1000100000,2,2,0.000665,1.030382,1,0.000665,0.918255
993,1111100001,6,1,0.000659,1.954526,1,0.000659,0.918913
252,0011111100,6,2,0.000657,2.035243,2,0.000657,0.919570
136,0010001000,2,2,0.000654,1.125899,2,0.000654,0.920224
889,1101111001,7,2,0.000650,2.043126,2,0.000650,0.920874
260,0100000100,2,1,0.000646,0.919127,1,0.000646,0.921519
583,1001000111,5,2,0.000644,1.719424,2,0.000644,0.922163
236,0011101100,5,1,0.000644,1.703393,1,0.000644,0.922807
659,1010010011,5,1,0.000641,1.782531,1,0.000641,0.923448
50,0000110010,3,1,0.000637,1.459760,1,0.000637,0.924084
348,0101011100,5,2,0.000635,1.675642,1,0.000635,0.924719
469,0111010101,6,2,0.000633,1.992152,2,0.000633,0.925352
634,1001111010,6,1,0.000629,2.019262,1,0.000629,0.925981
324,0101000100,3,1,0.000628,1.441077,1,0.000628,0.926609
868,1101100100,5,2,0.000627,1.450041,1,0.000627,0.927236
451,0111000011,5,1,0.000623,1.777969,1,0.000623,0.927859
696,1010111000,5,2,0.000604,1.790724,2,0.000604,0.928463
459,0111001011,6,2,0.000602,1.951033,2,0.000602,0.929065
569,1000111001,5,1,0.000598,1.730071,1,0.000598,0.929663
798,1100011110,6,1,0.000598,2.089169,1,0.000598,0.930261
153,0010011001,4,2,0.000597,1.607643,2,0.000597,0.930858
442,0110111010,6,1,0.000595,2.008666,1,0.000595,0.931453
498,0111110010,6,2,0.000593,1.852019,2,0.000593,0.932046
491,0111101011,7,1,0.000590,2.114168,1,0.000590,0.932636
981,1111010101,7,2,0.000586,2.063862,2,0.000586,0.933222
394,0110001010,4,1,0.000586,1.521197,1,0.000586,0.933808
326,0101000110,4,2,0.000585,1.577970,2,0.000585,0.934393
109,0001101101,5,1,0.000584,1.720145,1,0.000584,0.934977
582,1001000110,4,1,0.000584,1.512636,1,0.000584,0.935561
135,0010000111,4,1,0.000582,1.415802,1,0.000582,0.936143
590,1001001110,5,1,0.000581,1.687102,1,0.000581,0.936724
835,1101000011,5,1,0.000580,1.697094,1,0.000580,0.937304
284,0100011100,4,1,0.000578,1.681211,1,0.000578,0.937883
63,0000111111,6,1,0.000578,1.998204,1,0.000578,0.938461
317,0100111101,6,2,0.000573,1.891735,2,0.000573,0.939034
68,0001000100,2,3,0.000572,1.160762,3,0.000572,0.939606
992,1111100000,5,2,0.000570,1.712235,1,0.000570,0.940176
419,0110100011,5,1,0.000569,1.749307,1,0.000569,0.940745
305,0100110001,4,1,0.000566,1.400911,1,0.000566,0.941312
45,0000101101,4,1,0.000563,1.665624,1,0.000563,0.941875
636,1001111100,6,2,0.000561,1.872604,2,0.000561,0.942436
598,1001010110,5,1,0.000557,1.711464,1,0.000557,0.942993
595,1001010011,5,2,0.000557,1.897090,2,0.000557,0.943550
800,1100100000,3,2,0.000554,1.293523,1,0.000554,0.944104
646,1010000110,4,1,0.000550,1.561383,1,0.000550,0.944654
791,1100010111,6,1,0.000544,1.764939,1,0.000544,0.945198
444,0110111100,6,1,0.000543,1.981622,1,0.000543,0.945740
787,1100010011,5,2,0.000542,1.732140,2,0.000542,0.946282
131,0010000011,3,1,0.000530,1.460533,1,0.000530,0.946813
952,1110111000,6,3,0.000528,1.947698,3,0.000528,0.947341
846,1101001110,6,1,0.000525,2.027129,1,0.000525,0.947866
212,0011010100,4,2,0.000524,1.663948,2,0.000524,0.948390
199,0011000111,5,1,0.000519,1.657887,1,0.000519,0.948908
578,1001000010,3,1,0.000517,1.452392,1,0.000517,0.949425
926,1110011110,7,2,0.000515,1.979574,2,0.000515,0.949941
173,0010101101,5,1,0.000513,1.819712,1,0.000513,0.950453
78,0001001110,4,1,0.000512,1.656641,1,0.000512,0.950965
822,1100110110,6,2,0.000511,1.928080,2,0.000511,0.951476
461,0111001101,6,2,0.000508,1.858065,2,0.000508,0.951984
650,1010001010,4,1,0.000504,1.505937,1,0.000504,0.952489
500,0111110100,6,1,0.000502,1.848313,1,0.000502,0.952991
795,1100011011,6,1,0.000502,1.962939,1,0.000502,0.953492
41,0000101001,3,1,0.000501,1.295312,1,0.000501,0.953993
209,0011010001,4,1,0.000499,1.551362,1,0.000499,0.954492
805,1100100101,5,1,0.000498,1.787426,1,0.000498,0.954990
298,0100101010,4,1,0.000498,1.522894,1,0.000498,0.955488
138,0010001010,3,1,0.000488,1.457570,1,0.000488,0.955976
435,0110110011,6,2,0.000487,1.900672,2,0.000487,0.956464
370,0101110010,5,1,0.000483,1.732976,1,0.000483,0.956946
72,0001001000,2,1,0.000483,1.082457,1,0.000483,0.957429
210,0011010010,4,1,0.000482,1.540703,1,0.000482,0.957911
249,0011111001,6,1,0.000482,1.792167,1,0.000482,0.958393
151,0010010111,5,1,0.000478,1.881252,1,0.000478,0.958872
477,0111011101,7,2,0.000477,1.995267,2,0.000477,0.959349
98,0001100010,3,1,0.000472,1.396642,1,0.000472,0.959821
714,1011001010,5,1,0.000471,1.737910,1,0.000471,0.960293
471,0111010111,7,2,0.000468,1.994604,2,0.000468,0.960761
573,1000111101,6,1,0.000466,2.061368,1,0.000466,0.961227
962,1111000010,5,1,0.000466,1.807320,1,0.000466,0.961694
333,0101001101,5,1,0.000465,1.790545,1,0.000465,0.962159
384,0110000000,2,1,0.000463,0.940578,1,0.000463,0.962622
704,1011000000,3,1,0.000459,1.302332,1,0.000459,0.963080
164,0010100100,3,2,0.000456,1.290050,2,0.000456,0.963537
124,0001111100,5,1,0.000455,1.706263,1,0.000455,0.963991
718,1011001110,6,1,0.000454,2.010095,1,0.000454,0.964445
596,1001010100,4,1,0.000453,1.525980,1,0.000453,0.964898
261,0100000101,3,1,0.000452,1.491390,1,0.000452,0.965350
355,0101100011,5,1,0.000450,1.822954,1,0.000450,0.965800
303,0100101111,6,1,0.000447,1.850652,1,0.000447,0.966248
15,0000001111,4,1,0.000447,1.693716,1,0.000447,0.966694
116,0001110100,4,1,0.000427,1.583443,1,0.000427,0.967121
693,1010110101,6,1,0.000426,2.015005,1,0.000426,0.967548
796,1100011100,5,1,0.000426,1.623759,1,0.000426,0.967974
932,1110100100,5,1,0.000423,1.624540,1,0.000423,0.968397
489,0111101001,6,2,0.000422,2.055111,2,0.000422,0.968819
716,1011001100,5,1,0.000419,1.679366,1,0.000419,0.969238
8,0000001000,1,3,0.000419,0.809605,3,0.000419,0.969657
845,1101001101,6,1,0.000416,1.901467,1,0.000416,0.970073
665,1010011001,5,2,0.000412,1.758961,2,0.000412,0.970485
359,0101100111,6,1,0.000403,1.913075,1,0.000403,0.970888
745,1011101001,6,1,0.000394,1.909701,1,0.000394,0.971282
753,1011110001,6,1,0.000379,1.942434,1,0.000379,0.971661
593,1001010001,4,2,0.000367,1.638433,2,0.000367,0.972029
584,1001001000,3,2,0.000367,1.360209,2,0.000367,0.972396
272,0100010000,2,1,0.000364,1.066674,1,0.000364,0.972760
378,0101111010,6,2,0.000362,1.957537,2,0.000362,0.973123
871,1101100111,7,1,0.000361,2.194058,1,0.000361,0.973484
859,1101011011,7,1,0.000360,2.028593,1,0.000360,0.973844
647,1010000111,5,1,0.000359,1.793027,1,0.000359,0.974203
230,0011100110,5,1,0.000353,1.798616,1,0.000353,0.974556
429,0110101101,6,1,0.000348,1.957833,1,0.000348,0.974904
643,1010000011,4,1,0.000348,1.640317,1,0.000348,0.975252
84,0001010100,3,1,0.000347,1.483990,1,0.000347,0.975599
977,1111010001,6,2,0.000340,2.014219,2,0.000340,0.975939
198,0011000110,4,1,0.000338,1.528934,1,0.000338,0.976278
880,1101110000,5,1,0.000337,1.753783,1,0.000337,0.976615
648,1010001000,3,2,0.000337,1.351647,2,0.000337,0.976952
404,0110010100,4,1,0.000334,1.441610,1,0.000334,0.977286
186,0010111010,5,1,0.000331,1.698479,1,0.000331,0.977617
670,1010011110,6,1,0.000328,1.835661,1,0.000328,0.977946
741,1011100101,6,1,0.000328,1.914465,1,0.000328,0.978274
548,1000100100,3,1,0.000326,1.303233,1,0.000326,0.978599
328,0101001000,3,1,0.000323,1.367539,1,0.000323,0.978923
473,0111011001,6,1,0.000321,1.861673,1,0.000321,0.979244
997,1111100101,7,1,0.000313,2.038569,1,0.000313,0.979557
570,1000111010,5,2,0.000312,1.690320,2,0.000312,0.979869
217,0011011001,5,2,0.000310,1.876756,2,0.000310,0.980180
134,0010000110,3,1,0.000309,1.457720,1,0.000309,0.980488
87,0001010111,5,1,0.000308,1.634427,1,0.000308,0.980796
19,0000010011,3,1,0.000308,1.436768,1,0.000308,0.981104
688,1010110000,4,1,0.000302,1.672847,1,0.000302,0.981406
97,0001100001,3,2,0.000302,1.310066,2,0.000302,0.981708
933,1110100101,6,1,0.000299,1.855986,1,0.000299,0.982007
183,0010110111,6,1,0.000298,1.965602,1,0.000298,0.982305
556,1000101100,4,1,0.000296,1.699115,1,0.000296,0.982600
9,0000001001,2,1,0.000293,1.109907,1,0.000293,0.982893
870,1101100110,6,2,0.000288,1.954219,2,0.000288,0.983181
526,1000001110,4,1,0.000283,1.610925,1,0.000283,0.983464
193,0011000001,3,1,0.000282,1.321308,1,0.000282,0.983746
415,0110011111,7,2,0.000281,2.045852,2,0.000281,0.984027
125,0001111101,6,2,0.000276,1.976230,2,0.000276,0.984303
455,0111000111,6,1,0.000273,1.820244,1,0.000273,0.984576
336,0101010000,3,1,0.000270,1.285675,1,0.000270,0.984846
456,0111001000,4,2,0.000268,1.641061,2,0.000268,0.985114
310,0100110110,5,1,0.000268,1.765097,1,0.000268,0.985381
520,1000001000,2,1,0.000258,1.199137,1,0.000258,0.985640
119,0001110111,6,3,0.000257,1.947152,3,0.000257,0.985897
565,1000110101,5,1,0.000254,1.894470,1,0.000254,0.986151
661,1010010101,5,1,0.000254,1.765934,1,0.000254,0.986405
816,1100110000,4,1,0.000250,1.509113,1,0.000250,0.986655
206,0011001110,5,1,0.000248,1.828588,1,0.000248,0.986903
707,1011000011,5,1,0.000240,1.751397,1,0.000240,0.987142
513,1000000001,2,1,0.000239,1.212846,1,0.000239,0.987381
397,0110001101,5,3,0.000238,1.753112,3,0.000238,0.987619
211,0011010011,5,1,0.000237,1.733139,1,0.000237,0.987856
806,1100100110,5,1,0.000235,1.755624,1,0.000235,0.988090
366,0101101110,6,1,0.000233,1.971152,1,0.000233,0.988324
641,1010000001,3,1,0.000233,1.358924,1,0.000233,0.988557
543,1000011111,6,2,0.000227,1.874839,2,0.000227,0.988784
314,0100111010,5,1,0.000227,1.797530,1,0.000227,0.989012
3,0000000011,2,2,0.000224,1.245915,2,0.000224,0.989236
540,1000011100,4,1,0.000223,1.652889,1,0.000223,0.989459
93,0001011101,5,1,0.000221,1.792342,1,0.000221,0.989680
921,1110011001,6,1,0.000220,2.082161,1,0.000220,0.989900
948,1110110100,6,1,0.000219,1.847764,1,0.000219,0.990119
1,0000000001,1,2,0.000219,0.921855,2,0.000219,0.990338
814,1100101110,6,1,0.000218,2.048999,1,0.000218,0.990557
701,1010111101,7,1,0.000213,2.101701,1,0.000213,0.990770
667,1010011011,6,2,0.000212,1.970265,2,0.000212,0.990982
720,1011010000,4,1,0.000212,1.608828,1,0.000212,0.991194
159,0010011111,6,1,0.000211,2.055262,1,0.000211,0.991405
778,1100001010,4,1,0.000208,1.557473,1,0.000208,0.991613
711,1011000111,6,1,0.000205,1.994225,1,0.000205,0.991818
819,1100110011,6,1,0.000198,2.019326,1,0.000198,0.992016
59,0000111011,5,1,0.000197,1.811363,1,0.000197,0.992213
424,0110101000,4,1,0.000193,1.626575,1,0.000193,0.992407
410,0110011010,5,1,0.000192,1.722584,1,0.000192,0.992598
462,0111001110,6,1,0.000191,1.775515,1,0.000191,0.992789
62,0000111110,5,1,0.000187,1.965713,1,0.000187,0.992976
443,0110111011,7,2,0.000186,2.047960,2,0.000186,0.993163
803,1100100011,5,1,0.000185,1.733091,1,0.000185,0.993348
106,0001101010,4,1,0.000183,1.620577,1,0.000183,0.993531
51,0000110011,4,1,0.000182,1.540675,1,0.000182,0.993714
945,1110110001,6,1,0.000182,1.850543,1,0.000182,0.993896
680,1010101000,4,1,0.000174,1.539963,1,0.000174,0.994070
2,0000000010,1,1,0.000170,0.875392,1,0.000170,0.994239
963,1111000011,6,1,0.000169,2.009902,1,0.000169,0.994409
89,0001011001,4,1,0.000169,1.627898,1,0.000169,0.994578
6,0000000110,2,1,0.000168,1.164283,1,0.000168,0.994745
163,0010100011,4,1,0.000167,1.602385,1,0.000167,0.994912
909,1110001101,6,2,0.000167,1.881094,2,0.000167,0.995079
338,0101010010,4,2,0.000166,1.682955,2,0.000166,0.995245
110,0001101110,5,1,0.000165,1.806922,1,0.000165,0.995410
882,1101110010,6,1,0.000163,1.886819,1,0.000163,0.995573
241,0011110001,5,1,0.000162,1.715345,1,0.000162,0.995734
623,1001101111,7,1,0.000158,2.007142,1,0.000158,0.995892
371,0101110011,6,1,0.000156,1.871205,1,0.000156,0.996048
516,1000000100,2,1,0.000156,1.173082,1,0.000156,0.996203
285,0100011101,5,1,0.000148,1.750303,1,0.000148,0.996351
946,1110110010,6,1,0.000142,1.931744,1,0.000142,0.996493
702,1010111110,7,2,0.000141,2.032994,1,0.000141,0.996634
14,0000001110,3,2,0.000138,1.390488,2,0.000138,0.996773
813,1100101101,6,1,0.000134,1.908761,1,0.000134,0.996907
519,1000000111,4,1,0.000134,1.761608,1,0.000134,0.997041
912,1110010000,4,1,0.000134,1.577904,1,0.000134,0.997175
935,1110100111,7,1,0.000133,2.098121,1,0.000133,0.997307
143,0010001111,5,1,0.000131,1.676737,1,0.000131,0.997438
739,1011100011,6,1,0.000131,1.936120,1,0.000131,0.997569
756,1011110100,6,2,0.000130,1.867817,2,0.000130,0.997699
425,0110101001,5,1,0.000123,1.755476,1,0.000123,0.997822
339,0101010011,5,1,0.000122,1.853407,1,0.000122,0.997945
658,1010010010,4,1,0.000111,1.649629,1,0.000111,0.998056
190,0010111110,6,2,0.000108,1.960268,2,0.000108,0.998164
468,0111010100,5,2,0.000104,1.825118,2,0.000104,0.998269
858,1101011010,6,1,0.000103,1.990013,1,0.000103,0.998372
546,1000100010,3,1,0.000100,1.322978,1,0.000100,0.998471
724,1011010100,5,1,0.000099,1.816052,1,0.000099,0.998570
28,0000011100,3,1,0.000097,1.383066,1,0.000097,0.998667
674,1010100010,4,1,0.000095,1.620628,1,0.000095,0.998762
599,1001010111,6,1,0.000093,1.955432,1,0.000093,0.998855
145,0010010001,3,1,0.000087,1.250652,1,0.000087,0.998941
311,0100110111,6,1,0.000078,1.924746,1,0.000078,0.999019
748,1011101100,6,1,0.000074,1.982369,1,0.000074,0.999093
460,0111001100,5,1,0.000072,1.758117,1,0.000072,0.999165
919,1110010111,7,1,0.000066,2.066489,1,0.000066,0.999232
395,0110001011,5,1,0.000066,1.704984,1,0.000066,0.999298
976,1111010000,5,1,0.000062,1.883077,1,0.000062,0.999359
628,1001110100,5,1,0.000059,1.570051,1,0.000059,0.999418
180,0010110100,4,1,0.000054,1.619324,1,0.000054,0.999472
512,1000000000,1,1,0.000053,0.793244,1,0.000053,0.999525
218,0011011010,5,1,0.000051,1.751583,1,0.000051,0.999576
898,1110000010,4,1,0.000039,1.589859,1,0.000039,0.999615
603,1001011011,6,1,0.000038,1.906580,1,0.000038,0.999654
972,1111001100,6,1,0.000038,1.931806,1,0.000038,0.999692
330,0101001010,4,1,0.000037,1.478201,1,0.000037,0.999729
553,1000101001,4,1,0.000036,1.579376,1,0.000036,0.999765
214,0011010110,5,1,0.000035,1.711207,1,0.000035,0.999800
294,0100100110,4,1,0.000034,1.661514,1,0.000034,0.999834
318,0100111110,6,1,0.000029,1.879773,1,0.000029,0.999863
401,0110010001,4,1,0.000025,1.418296,1,0.000025,0.999889
169,0010101001,4,1,0.000022,1.664944,1,0.000022,0.999910
700,1010111100,6,1,0.000020,1.963746,1,0.000020,0.999931
140,0010001100,3,1,0.000019,1.323152,1,0.000019,0.999950
453,0111000101,5,1,0.000016,1.935469,1,0.000016,0.999967
313,0100111001,5,1,0.000013,1.659732,1,0.000013,0.999980
454,0111000110,5,1,0.000011,1.815673,1,0.000011,0.999991
574,1000111110,6,1,0.000008,1.884917,1,0.000008,0.999999
450,0111000010,4,1,0.000001,1.590943,1,0.000001,1.000000
61,0000111101,5,1,0.000000,1.919166,1,0.000000,1.000000
191,0010111111,7,0,0.000000,0.000000,0,0.000000,1.000000
216,0011011000,4,0,0.000000,0.000000,0,0.000000,1.000000
192,0011000000,2,0,0.000000,0.000000,0,0.000000,1.000000
204,0011001100,4,0,0.000000,0.000000,0,0.000000,1.000000
208,0011010000,3,0,0.000000,0.000000,0,0.000000,1.000000
207,0011001111,6,0,0.000000,0.000000,0,0.000000,1.000000
203,0011001011,5,0,0.000000,0.000000,0,0.000000,1.000000
185,0010111001,5,0,0.000000,0.000000,0,0.000000,1.000000
195,0011000011,4,0,0.000000,0.000000,0,0.000000,1.000000
196,0011000100,3,0,0.000000,0.000000,0,0.000000,1.000000
197,0011000101,4,0,0.000000,0.000000,0,0.000000,1.000000
200,0011001000,3,0,0.000000,0.000000,0,0.000000,1.000000
201,0011001001,4,0,0.000000,0.000000,0,0.000000,1.000000
202,0011001010,4,0,0.000000,0.000000,0,0.000000,1.000000
194,0011000010,3,0,0.000000,0.000000,0,0.000000,1.000000
179,0010110011,5,0,0.000000,0.000000,0,0.000000,1.000000
897,1110000001,4,0,0.000000,0.000000,0,0.000000,1.000000
174,0010101110,5,0,0.000000,0.000000,0,0.000000,1.000000
166,0010100110,4,0,0.000000,0.000000,0,0.000000,1.000000
918,1110010110,6,0,0.000000,0.000000,0,0.000000,1.000000
167,0010100111,5,0,0.000000,0.000000,0,0.000000,1.000000
916,1110010100,5,0,0.000000,0.000000,0,0.000000,1.000000
168,0010101000,3,0,0.000000,0.000000,0,0.000000,1.000000
914,1110010010,5,0,0.000000,0.000000,0,0.000000,1.000000
170,0010101010,4,0,0.000000,0.000000,0,0.000000,1.000000
172,0010101100,4,0,0.000000,0.000000,0,0.000000,1.000000
175,0010101111,6,0,0.000000,0.000000,0,0.000000,1.000000
184,0010111000,4,0,0.000000,0.000000,0,0.000000,1.000000
908,1110001100,5,0,0.000000,0.000000,0,0.000000,1.000000
907,1110001011,6,0,0.000000,0.000000,0,0.000000,1.000000
176,0010110000,3,0,0.000000,0.000000,0,0.000000,1.000000
905,1110001001,5,0,0.000000,0.000000,0,0.000000,1.000000
904,1110001000,4,0,0.000000,0.000000,0,0.000000,1.000000
177,0010110001,4,0,0.000000,0.000000,0,0.000000,1.000000
178,0010110010,4,0,0.000000,0.000000,0,0.000000,1.000000
182,0010110110,5,0,0.000000,0.000000,0,0.000000,1.000000
219,0011011011,6,0,0.000000,0.000000,0,0.000000,1.000000
228,0011100100,4,0,0.000000,0.000000,0,0.000000,1.000000
222,0011011110,6,0,0.000000,0.000000,0,0.000000,1.000000
274,0100010010,3,0,0.000000,0.000000,0,0.000000,1.000000
851,1101010011,6,0,0.000000,0.000000,0,0.000000,1.000000
850,1101010010,5,0,0.000000,0.000000,0,0.000000,1.000000
849,1101010001,5,0,0.000000,0.000000,0,0.000000,1.000000
275,0100010011,4,0,0.000000,0.000000,0,0.000000,1.000000
277,0100010101,4,0,0.000000,0.000000,0,0.000000,1.000000
278,0100010110,4,0,0.000000,0.000000,0,0.000000,1.000000
279,0100010111,5,0,0.000000,0.000000,0,0.000000,1.000000
280,0100011000,3,0,0.000000,0.000000,0,0.000000,1.000000
843,1101001011,6,0,0.000000,0.000000,0,0.000000,1.000000
281,0100011001,4,0,0.000000,0.000000,0,0.000000,1.000000
286,0100011110,5,0,0.000000,0.000000,0,0.000000,1.000000
840,1101001000,4,0,0.000000,0.000000,0,0.000000,1.000000
288,0100100000,2,0,0.000000,0.000000,0,0.000000,1.000000
838,1101000110,5,0,0.000000,0.000000,0,0.000000,1.000000
837,1101000101,5,0,0.000000,0.000000,0,0.000000,1.000000
836,1101000100,4,0,0.000000,0.000000,0,0.000000,1.000000
289,0100100001,3,0,0.000000,0.000000,0,0.000000,1.000000
834,1101000010,4,0,0.000000,0.000000,0,0.000000,1.000000
290,0100100010,3,0,0.000000,0.000000,0,0.000000,1.000000
832,1101000000,3,0,0.000000,0.000000,0,0.000000,1.000000
291,0100100011,4,0,0.000000,0.000000,0,0.000000,1.000000
852,1101010100,5,0,0.000000,0.000000,0,0.000000,1.000000
273,0100010001,3,0,0.000000,0.000000,0,0.000000,1.000000
225,0011100001,4,0,0.000000,0.000000,0,0.000000,1.000000
269,0100001101,4,0,0.000000,0.000000,0,0.000000,1.000000
161,0010100001,3,0,0.000000,0.000000,0,0.000000,1.000000
229,0011100101,5,0,0.000000,0.000000,0,0.000000,1.000000
874,1101101010,6,0,0.000000,0.000000,0,0.000000,1.000000
232,0011101000,4,0,0.000000,0.000000,0,0.000000,1.000000
233,0011101001,5,0,0.000000,0.000000,0,0.000000,1.000000
234,0011101010,5,0,0.000000,0.000000,0,0.000000,1.000000
237,0011101101,6,0,0.000000,0.000000,0,0.000000,1.000000
240,0011110000,4,0,0.000000,0.000000,0,0.000000,1.000000
242,0011110010,5,0,0.000000,0.000000,0,0.000000,1.000000
245,0011110101,6,0,0.000000,0.000000,0,0.000000,1.000000
248,0011111000,5,0,0.000000,0.000000,0,0.000000,1.000000
257,0100000001,2,0,0.000000,0.000000,0,0.000000,1.000000
259,0100000011,3,0,0.000000,0.000000,0,0.000000,1.000000
262,0100000110,3,0,0.000000,0.000000,0,0.000000,1.000000
263,0100000111,4,0,0.000000,0.000000,0,0.000000,1.000000
264,0100001000,2,0,0.000000,0.000000,0,0.000000,1.000000
860,1101011100,6,0,0.000000,0.000000,0,0.000000,1.000000
265,0100001001,3,0,0.000000,0.000000,0,0.000000,1.000000
267,0100001011,4,0,0.000000,0.000000,0,0.000000,1.000000
268,0100001100,3,0,0.000000,0.000000,0,0.000000,1.000000
856,1101011000,5,0,0.000000,0.000000,0,0.000000,1.000000
162,0010100010,3,0,0.000000,0.000000,0,0.000000,1.000000
622,1001101110,6,0,0.000000,0.000000,0,0.000000,1.000000
160,0010100000,2,0,0.000000,0.000000,0,0.000000,1.000000
36,0000100100,2,0,0.000000,0.000000,0,0.000000,1.000000
39,0000100111,4,0,0.000000,0.000000,0,0.000000,1.000000
42,0000101010,3,0,0.000000,0.000000,0,0.000000,1.000000
43,0000101011,4,0,0.000000,0.000000,0,0.000000,1.000000
994,1111100010,6,0,0.000000,0.000000,0,0.000000,1.000000
44,0000101100,3,0,0.000000,0.000000,0,0.000000,1.000000
46,0000101110,4,0,0.000000,0.000000,0,0.000000,1.000000
48,0000110000,2,0,0.000000,0.000000,0,0.000000,1.000000
49,0000110001,3,0,0.000000,0.000000,0,0.000000,1.000000
53,0000110101,4,0,0.000000,0.000000,0,0.000000,1.000000
54,0000110110,4,0,0.000000,0.000000,0,0.000000,1.000000
55,0000110111,5,0,0.000000,0.000000,0,0.000000,1.000000
56,0000111000,3,0,0.000000,0.000000,0,0.000000,1.000000
58,0000111010,4,0,0.000000,0.000000,0,0.000000,1.000000
984,1111011000,6,0,0.000000,0.000000,0,0.000000,1.000000
64,0001000000,1,0,0.000000,0.000000,0,0.000000,1.000000
65,0001000001,2,0,0.000000,0.000000,0,0.000000,1.000000
66,0001000010,2,0,0.000000,0.000000,0,0.000000,1.000000
70,0001000110,3,0,0.000000,0.000000,0,0.000000,1.000000
71,0001000111,4,0,0.000000,0.000000,0,0.000000,1.000000
73,0001001001,3,0,0.000000,0.000000,0,0.000000,1.000000
74,0001001010,3,0,0.000000,0.000000,0,0.000000,1.000000
37,0000100101,3,0,0.000000,0.000000,0,0.000000,1.000000
35,0000100011,3,0,0.000000,0.000000,0,0.000000,1.000000
79,0001001111,5,0,0.000000,0.000000,0,0.000000,1.000000
34,0000100010,2,0,0.000000,0.000000,0,0.000000,1.000000
5,0000000101,2,0,0.000000,0.000000,0,0.000000,1.000000
7,0000000111,3,0,0.000000,0.000000,0,0.000000,1.000000
10,0000001010,2,0,0.000000,0.000000,0,0.000000,1.000000
11,0000001011,3,0,0.000000,0.000000,0,0.000000,1.000000
12,0000001100,2,0,0.000000,0.000000,0,0.000000,1.000000
13,0000001101,3,0,0.000000,0.000000,0,0.000000,1.000000
16,0000010000,1,0,0.000000,0.000000,0,0.000000,1.000000
17,0000010001,2,0,0.000000,0.000000,0,0.000000,1.000000
20,0000010100,2,0,0.000000,0.000000,0,0.000000,1.000000
21,0000010101,3,0,0.000000,0.000000,0,0.000000,1.000000
22,0000010110,3,0,0.000000,0.000000,0,0.000000,1.000000
23,0000010111,4,0,0.000000,0.000000,0,0.000000,1.000000
24,0000011000,2,0,0.000000,0.000000,0,0.000000,1.000000
25,0000011001,3,0,0.000000,0.000000,0,0.000000,1.000000
1008,1111110000,6,0,0.000000,0.000000,0,0.000000,1.000000
26,0000011010,3,0,0.000000,0.000000,0,0.000000,1.000000
27,0000011011,4,0,0.000000,0.000000,0,0.000000,1.000000
29,0000011101,4,0,0.000000,0.000000,0,0.000000,1.000000
30,0000011110,4,0,0.000000,0.000000,0,0.000000,1.000000
32,0000100000,1,0,0.000000,0.000000,0,0.000000,1.000000
33,0000100001,2,0,0.000000,0.000000,0,0.000000,1.000000
75,0001001011,4,0,0.000000,0.000000,0,0.000000,1.000000
80,0001010000,2,0,0.000000,0.000000,0,0.000000,1.000000
158,0010011110,5,0,0.000000,0.000000,0,0.000000,1.000000
122,0001111010,5,0,0.000000,0.000000,0,0.000000,1.000000
128,0010000000,1,0,0.000000,0.000000,0,0.000000,1.000000
944,1110110000,5,0,0.000000,0.000000,0,0.000000,1.000000
129,0010000001,2,0,0.000000,0.000000,0,0.000000,1.000000
130,0010000010,2,0,0.000000,0.000000,0,0.000000,1.000000
132,0010000100,2,0,0.000000,0.000000,0,0.000000,1.000000
940,1110101100,6,0,0.000000,0.000000,0,0.000000,1.000000
133,0010000101,3,0,0.000000,0.000000,0,0.000000,1.000000
137,0010001001,3,0,0.000000,0.000000,0,0.000000,1.000000
139,0010001011,4,0,0.000000,0.000000,0,0.000000,1.000000
936,1110101000,5,0,0.000000,0.000000,0,0.000000,1.000000
141,0010001101,4,0,0.000000,0.000000,0,0.000000,1.000000
142,0010001110,4,0,0.000000,0.000000,0,0.000000,1.000000
144,0010010000,2,0,0.000000,0.000000,0,0.000000,1.000000
146,0010010010,3,0,0.000000,0.000000,0,0.000000,1.000000
147,0010010011,4,0,0.000000,0.000000,0,0.000000,1.000000
149,0010010101,4,0,0.000000,0.000000,0,0.000000,1.000000
928,1110100000,4,0,0.000000,0.000000,0,0.000000,1.000000
152,0010011000,3,0,0.000000,0.000000,0,0.000000,1.000000
154,0010011010,4,0,0.000000,0.000000,0,0.000000,1.000000
292,0100100100,3,0,0.000000,0.000000,0,0.000000,1.000000
157,0010011101,5,0,0.000000,0.000000,0,0.000000,1.000000
126,0001111110,6,0,0.000000,0.000000,0,0.000000,1.000000
121,0001111001,5,0,0.000000,0.000000,0,0.000000,1.000000
81,0001010001,3,0,0.000000,0.000000,0,0.000000,1.000000
120,0001111000,4,0,0.000000,0.000000,0,0.000000,1.000000
82,0001010010,3,0,0.000000,0.000000,0,0.000000,1.000000
85,0001010101,4,0,0.000000,0.000000,0,0.000000,1.000000
968,1111001000,5,0,0.000000,0.000000,0,0.000000,1.000000
88,0001011000,3,0,0.000000,0.000000,0,0.000000,1.000000
90,0001011010,4,0,0.000000,0.000000,0,0.000000,1.000000
92,0001011100,4,0,0.000000,0.000000,0,0.000000,1.000000
964,1111000100,5,0,0.000000,0.000000,0,0.000000,1.000000
94,0001011110,5,0,0.000000,0.000000,0,0.000000,1.000000
95,0001011111,6,0,0.000000,0.000000,0,0.000000,1.000000
100,0001100100,3,0,0.000000,0.000000,0,0.000000,1.000000
960,1111000000,4,0,0.000000,0.000000,0,0.000000,1.000000
101,0001100101,4,0,0.000000,0.000000,0,0.000000,1.000000
102,0001100110,4,0,0.000000,0.000000,0,0.000000,1.000000
103,0001100111,5,0,0.000000,0.000000,0,0.000000,1.000000
104,0001101000,3,0,0.000000,0.000000,0,0.000000,1.000000
105,0001101001,4,0,0.000000,0.000000,0,0.000000,1.000000
107,0001101011,5,0,0.000000,0.000000,0,0.000000,1.000000
112,0001110000,3,0,0.000000,0.000000,0,0.000000,1.000000
113,0001110001,4,0,0.000000,0.000000,0,0.000000,1.000000
115,0001110011,5,0,0.000000,0.000000,0,0.000000,1.000000
117,0001110101,5,0,0.000000,0.000000,0,0.000000,1.000000
156,0010011100,4,0,0.000000,0.000000,0,0.000000,1.000000
301,0100101101,5,0,0.000000,0.000000,0,0.000000,1.000000
293,0100100101,4,0,0.000000,0.000000,0,0.000000,1.000000
555,1000101011,5,0,0.000000,0.000000,0,0.000000,1.000000
533,1000010101,4,0,0.000000,0.000000,0,0.000000,1.000000
534,1000010110,4,0,0.000000,0.000000,0,0.000000,1.000000
695,1010110111,7,0,0.000000,0.000000,0,0.000000,1.000000
535,1000010111,5,0,0.000000,0.000000,0,0.000000,1.000000
536,1000011000,3,0,0.000000,0.000000,0,0.000000,1.000000
692,1010110100,5,0,0.000000,0.000000,0,0.000000,1.000000
538,1000011010,4,0,0.000000,0.000000,0,0.000000,1.000000
541,1000011101,5,0,0.000000,0.000000,0,0.000000,1.000000
542,1000011110,5,0,0.000000,0.000000,0,0.000000,1.000000
545,1000100001,3,0,0.000000,0.000000,0,0.000000,1.000000
547,1000100011,4,0,0.000000,0.000000,0,0.000000,1.000000
686,1010101110,6,0,0.000000,0.000000,0,0.000000,1.000000
549,1000100101,4,0,0.000000,0.000000,0,0.000000,1.000000
550,1000100110,4,0,0.000000,0.000000,0,0.000000,1.000000
552,1000101000,3,0,0.000000,0.000000,0,0.000000,1.000000
682,1010101010,5,0,0.000000,0.000000,0,0.000000,1.000000
681,1010101001,5,0,0.000000,0.000000,0,0.000000,1.000000
554,1000101010,4,0,0.000000,0.000000,0,0.000000,1.000000
678,1010100110,5,0,0.000000,0.000000,0,0.000000,1.000000
677,1010100101,5,0,0.000000,0.000000,0,0.000000,1.000000
676,1010100100,4,0,0.000000,0.000000,0,0.000000,1.000000
532,1000010100,3,0,0.000000,0.000000,0,0.000000,1.000000
531,1000010011,4,0,0.000000,0.000000,0,0.000000,1.000000
530,1000010010,3,0,0.000000,0.000000,0,0.000000,1.000000
713,1011001001,5,0,0.000000,0.000000,0,0.000000,1.000000
485,0111100101,6,0,0.000000,0.000000,0,0.000000,1.000000
721,1011010001,5,0,0.000000,0.000000,0,0.000000,1.000000
497,0111110001,6,0,0.000000,0.000000,0,0.000000,1.000000
514,1000000010,2,0,0.000000,0.000000,0,0.000000,1.000000
515,1000000011,3,0,0.000000,0.000000,0,0.000000,1.000000
517,1000000101,3,0,0.000000,0.000000,0,0.000000,1.000000
521,1000001001,3,0,0.000000,0.000000,0,0.000000,1.000000
522,1000001010,3,0,0.000000,0.000000,0,0.000000,1.000000
523,1000001011,4,0,0.000000,0.000000,0,0.000000,1.000000
712,1011001000,4,0,0.000000,0.000000,0,0.000000,1.000000
529,1000010001,3,0,0.000000,0.000000,0,0.000000,1.000000
524,1000001100,3,0,0.000000,0.000000,0,0.000000,1.000000
710,1011000110,5,0,0.000000,0.000000,0,0.000000,1.000000
709,1011000101,5,0,0.000000,0.000000,0,0.000000,1.000000
708,1011000100,4,0,0.000000,0.000000,0,0.000000,1.000000
525,1000001101,4,0,0.000000,0.000000,0,0.000000,1.000000
706,1011000010,4,0,0.000000,0.000000,0,0.000000,1.000000
705,1011000001,4,0,0.000000,0.000000,0,0.000000,1.000000
527,1000001111,5,0,0.000000,0.000000,0,0.000000,1.000000
528,1000010000,2,0,0.000000,0.000000,0,0.000000,1.000000
675,1010100011,5,0,0.000000,0.000000,0,0.000000,1.000000
558,1000101110,5,0,0.000000,0.000000,0,0.000000,1.000000
297,0100101001,4,0,0.000000,0.000000,0,0.000000,1.000000
672,1010100000,3,0,0.000000,0.000000,0,0.000000,1.000000
591,1001001111,6,0,0.000000,0.000000,0,0.000000,1.000000
645,1010000101,4,0,0.000000,0.000000,0,0.000000,1.000000
644,1010000100,3,0,0.000000,0.000000,0,0.000000,1.000000
592,1001010000,3,0,0.000000,0.000000,0,0.000000,1.000000
642,1010000010,3,0,0.000000,0.000000,0,0.000000,1.000000
597,1001010101,5,0,0.000000,0.000000,0,0.000000,1.000000
640,1010000000,2,0,0.000000,0.000000,0,0.000000,1.000000
600,1001011000,4,0,0.000000,0.000000,0,0.000000,1.000000
602,1001011010,5,0,0.000000,0.000000,0,0.000000,1.000000
604,1001011100,5,0,0.000000,0.000000,0,0.000000,1.000000
605,1001011101,6,0,0.000000,0.000000,0,0.000000,1.000000
608,1001100000,3,0,0.000000,0.000000,0,0.000000,1.000000
610,1001100010,4,0,0.000000,0.000000,0,0.000000,1.000000
632,1001111000,5,0,0.000000,0.000000,0,0.000000,1.000000
631,1001110111,7,0,0.000000,0.000000,0,0.000000,1.000000
613,1001100101,5,0,0.000000,0.000000,0,0.000000,1.000000
616,1001101000,4,0,0.000000,0.000000,0,0.000000,1.000000
618,1001101010,5,0,0.000000,0.000000,0,0.000000,1.000000
619,1001101011,6,0,0.000000,0.000000,0,0.000000,1.000000
620,1001101100,5,0,0.000000,0.000000,0,0.000000,1.000000
621,1001101101,6,0,0.000000,0.000000,0,0.000000,1.000000
589,1001001101,5,0,0.000000,0.000000,0,0.000000,1.000000
588,1001001100,4,0,0.000000,0.000000,0,0.000000,1.000000
649,1010001001,4,0,0.000000,0.000000,0,0.000000,1.000000
662,1010010110,5,0,0.000000,0.000000,0,0.000000,1.000000
560,1000110000,3,0,0.000000,0.000000,0,0.000000,1.000000
561,1000110001,4,0,0.000000,0.000000,0,0.000000,1.000000
563,1000110011,5,0,0.000000,0.000000,0,0.000000,1.000000
668,1010011100,5,0,0.000000,0.000000,0,0.000000,1.000000
564,1000110100,4,0,0.000000,0.000000,0,0.000000,1.000000
566,1000110110,5,0,0.000000,0.000000,0,0.000000,1.000000
568,1000111000,4,0,0.000000,0.000000,0,0.000000,1.000000
664,1010011000,4,0,0.000000,0.000000,0,0.000000,1.000000
572,1000111100,5,0,0.000000,0.000000,0,0.000000,1.000000
660,1010010100,4,0,0.000000,0.000000,0,0.000000,1.000000
587,1001001011,5,0,0.000000,0.000000,0,0.000000,1.000000
576,1001000000,2,0,0.000000,0.000000,0,0.000000,1.000000
579,1001000011,4,0,0.000000,0.000000,0,0.000000,1.000000
657,1010010001,4,0,0.000000,0.000000,0,0.000000,1.000000
656,1010010000,3,0,0.000000,0.000000,0,0.000000,1.000000
580,1001000100,3,0,0.000000,0.000000,0,0.000000,1.000000
581,1001000101,4,0,0.000000,0.000000,0,0.000000,1.000000
585,1001001001,4,0,0.000000,0.000000,0,0.000000,1.000000
652,1010001100,4,0,0.000000,0.000000,0,0.000000,1.000000
586,1001001010,4,0,0.000000,0.000000,0,0.000000,1.000000
484,0111100100,5,0,0.000000,0.000000,0,0.000000,1.000000
483,0111100011,6,0,0.000000,0.000000,0,0.000000,1.000000
725,1011010101,6,0,0.000000,0.000000,0,0.000000,1.000000
482,0111100010,5,0,0.000000,0.000000,0,0.000000,1.000000
337,0101010001,4,0,0.000000,0.000000,0,0.000000,1.000000
344,0101011000,4,0,0.000000,0.000000,0,0.000000,1.000000
347,0101011011,6,0,0.000000,0.000000,0,0.000000,1.000000
352,0101100000,3,0,0.000000,0.000000,0,0.000000,1.000000
354,0101100010,4,0,0.000000,0.000000,0,0.000000,1.000000
794,1100011010,5,0,0.000000,0.000000,0,0.000000,1.000000
793,1100011001,5,0,0.000000,0.000000,0,0.000000,1.000000
792,1100011000,4,0,0.000000,0.000000,0,0.000000,1.000000
356,0101100100,4,0,0.000000,0.000000,0,0.000000,1.000000
358,0101100110,5,0,0.000000,0.000000,0,0.000000,1.000000
361,0101101001,5,0,0.000000,0.000000,0,0.000000,1.000000
362,0101101010,5,0,0.000000,0.000000,0,0.000000,1.000000
372,0101110100,5,0,0.000000,0.000000,0,0.000000,1.000000
786,1100010010,4,0,0.000000,0.000000,0,0.000000,1.000000
785,1100010001,4,0,0.000000,0.000000,0,0.000000,1.000000
784,1100010000,3,0,0.000000,0.000000,0,0.000000,1.000000
376,0101111000,5,0,0.000000,0.000000,0,0.000000,1.000000
385,0110000001,3,0,0.000000,0.000000,0,0.000000,1.000000
781,1100001101,5,0,0.000000,0.000000,0,0.000000,1.000000
780,1100001100,4,0,0.000000,0.000000,0,0.000000,1.000000
386,0110000010,3,0,0.000000,0.000000,0,0.000000,1.000000
334,0101001110,5,0,0.000000,0.000000,0,0.000000,1.000000
801,1100100001,4,0,0.000000,0.000000,0,0.000000,1.000000
332,0101001100,4,0,0.000000,0.000000,0,0.000000,1.000000
308,0100110100,4,0,0.000000,0.000000,0,0.000000,1.000000
826,1100111010,6,0,0.000000,0.000000,0,0.000000,1.000000
300,0100101100,4,0,0.000000,0.000000,0,0.000000,1.000000
824,1100111000,5,0,0.000000,0.000000,0,0.000000,1.000000
624,1001110000,4,0,0.000000,0.000000,0,0.000000,1.000000
302,0100101110,5,0,0.000000,0.000000,0,0.000000,1.000000
304,0100110000,3,0,0.000000,0.000000,0,0.000000,1.000000
820,1100110100,5,0,0.000000,0.000000,0,0.000000,1.000000
306,0100110010,4,0,0.000000,0.000000,0,0.000000,1.000000
818,1100110010,5,0,0.000000,0.000000,0,0.000000,1.000000
309,0100110101,5,0,0.000000,0.000000,0,0.000000,1.000000
329,0101001001,4,0,0.000000,0.000000,0,0.000000,1.000000
316,0100111100,5,0,0.000000,0.000000,0,0.000000,1.000000
320,0101000000,2,0,0.000000,0.000000,0,0.000000,1.000000
321,0101000001,3,0,0.000000,0.000000,0,0.000000,1.000000
810,1100101010,5,0,0.000000,0.000000,0,0.000000,1.000000
809,1100101001,5,0,0.000000,0.000000,0,0.000000,1.000000
322,0101000010,3,0,0.000000,0.000000,0,0.000000,1.000000
323,0101000011,4,0,0.000000,0.000000,0,0.000000,1.000000
325,0101000101,4,0,0.000000,0.000000,0,0.000000,1.000000
327,0101000111,5,0,0.000000,0.000000,0,0.000000,1.000000
388,0110000100,3,0,0.000000,0.000000,0,0.000000,1.000000
390,0110000110,4,0,0.000000,0.000000,0,0.000000,1.000000
776,1100001000,3,0,0.000000,0.000000,0,0.000000,1.000000
457,0111001001,5,0,0.000000,0.000000,0,0.000000,1.000000
422,0110100110,5,0,0.000000,0.000000,0,0.000000,1.000000
426,0110101010,5,0,0.000000,0.000000,0,0.000000,1.000000
433,0110110001,5,0,0.000000,0.000000,0,0.000000,1.000000
434,0110110010,5,0,0.000000,0.000000,0,0.000000,1.000000
437,0110110101,6,0,0.000000,0.000000,0,0.000000,1.000000
744,1011101000,5,0,0.000000,0.000000,0,0.000000,1.000000
448,0111000000,3,0,0.000000,0.000000,0,0.000000,1.000000
452,0111000100,4,0,0.000000,0.000000,0,0.000000,1.000000
738,1011100010,5,0,0.000000,0.000000,0,0.000000,1.000000
736,1011100000,4,0,0.000000,0.000000,0,0.000000,1.000000
418,0110100010,4,0,0.000000,0.000000,0,0.000000,1.000000
464,0111010000,4,0,0.000000,0.000000,0,0.000000,1.000000
465,0111010001,5,0,0.000000,0.000000,0,0.000000,1.000000
466,0111010010,5,0,0.000000,0.000000,0,0.000000,1.000000
467,0111010011,6,0,0.000000,0.000000,0,0.000000,1.000000
470,0111010110,6,0,0.000000,0.000000,0,0.000000,1.000000
472,0111011000,5,0,0.000000,0.000000,0,0.000000,1.000000
480,0111100000,4,0,0.000000,0.000000,0,0.000000,1.000000
728,1011011000,5,0,0.000000,0.000000,0,0.000000,1.000000
481,0111100001,5,0,0.000000,0.000000,0,0.000000,1.000000
420,0110100100,4,0,0.000000,0.000000,0,0.000000,1.000000
417,0110100001,4,0,0.000000,0.000000,0,0.000000,1.000000
775,1100000111,5,0,0.000000,0.000000,0,0.000000,1.000000
393,0110001001,4,0,0.000000,0.000000,0,0.000000,1.000000
774,1100000110,4,0,0.000000,0.000000,0,0.000000,1.000000
773,1100000101,4,0,0.000000,0.000000,0,0.000000,1.000000
772,1100000100,3,0,0.000000,0.000000,0,0.000000,1.000000
771,1100000011,4,0,0.000000,0.000000,0,0.000000,1.000000
770,1100000010,3,0,0.000000,0.000000,0,0.000000,1.000000
769,1100000001,3,0,0.000000,0.000000,0,0.000000,1.000000
768,1100000000,2,0,0.000000,0.000000,0,0.000000,1.000000
391,0110000111,5,0,0.000000,0.000000,0,0.000000,1.000000
392,0110001000,3,0,0.000000,0.000000,0,0.000000,1.000000
396,0110001100,4,0,0.000000,0.000000,0,0.000000,1.000000
416,0110100000,3,0,0.000000,0.000000,0,0.000000,1.000000
398,0110001110,5,0,0.000000,0.000000,0,0.000000,1.000000
400,0110010000,3,0,0.000000,0.000000,0,0.000000,1.000000
402,0110010010,4,0,0.000000,0.000000,0,0.000000,1.000000
403,0110010011,5,0,0.000000,0.000000,0,0.000000,1.000000
405,0110010101,5,0,0.000000,0.000000,0,0.000000,1.000000
406,0110010110,5,0,0.000000,0.000000,0,0.000000,1.000000
408,0110011000,4,0,0.000000,0.000000,0,0.000000,1.000000
412,0110011100,5,0,0.000000,0.000000,0,0.000000,1.000000
413,0110011101,6,0,0.000000,0.000000,0,0.000000,1.000000
0,0000000000,0,0,0.000000,0.000000,0,0.000000,1.000000
